id,priloznost
Recepti/049.html,"božiè, novo leto, piknik, valentinovo"
Recepti/061.html,martinovo
Recepti/062.html,martinovo
Recepti/089.html,velika noè
Recepti/129.html,valentinovo
Recepti/136.html,martinovo
Recepti/162.html,martinovo
Recepti/240.html,velika noè
Recepti/251.html,velika noè
Recepti/258.html,"božiè, novo leto, piknik, rojstni dan otroka"
Recepti/301.html,"valentinovo, rojstni dan otroka"
Recepti/303.html,"božiè, novo leto, miklavževo"
Recepti/333.html,pust
Recepti/350.html,pust
Recepti/373.html,"božiè, novo leto, piknik, rojstni dan otroka, miklavževo"
Recepti/378.html,"božiè, velika noè, novo leto"
Recepti/380.html,"valentinovo, novo leto"
Recepti/386.html,"novo leto, valentinovo"
Recepti/388.html,pust
