id,ime_uporabnika
20002,tija87
20003,jančibake
20004,jančibake
20005,sarabande
20006,fasulas
20007,Valchxy
20008,tija87
20009,tyros
20010,aryy
20011,JelkaF
20012,April is cooking
20013,April is cooking
20014,abaximan
20015,anamarija1
20016,Levinjav
20017,Levinjav
20018,Levinjav
20019,Levinjav
20020,metuljcica23
20021,sarabande
20022,anci1234
20023,aryy
20024,ssilva
20025,goga
20026,mdominko
20027,jasna83
20028,mamamia
20029,metuljcica23
20030,nessy21
20031,November_Moon
20032,metuljcica23
20033,SMARTY1
20034,metuljcica23
20035,SMARTY1
20036,marta
20037,ancikabanancika
20038,nastjaa
20039,ZvonkaK
20040,nastjaa
20041,mihelich
20043,simond
20044,mmmuffinsandco
20045,Sandra_a
20046,gegy
20047,mdominko
20048,spakica
20049,SMARTY1
20051,marta
20052,SMARTY1
20053,April is cooking
20054,pilatus
20055,Popers
20056,evc79
20057,lellykely
20058,Božo1969
20059,Božo1969
20060,SMARTY1
20061,SMARTY1
20062,Milky whey
20063,Maks Klemenčič
20064,tibe
20065,Patricija 92
20066,SandraM
20067,lellykely
20068,Maks Klemenčič
20069,Vrtejbenka
20070,svenska
20071,svenska
20072,jančibake
20073,SMARTY1
20074,SMARTY1
20075,Ančikaa
20076,April is cooking
20077,majacebelica
20078,Levinjav
20079,Levinjav
20080,ajga1
20081,sarabande
20082,abaximan
20083,SMARTY1
20084,SMARTY1
20085,SMARTY1
20086,fasulas
20087,14moniii
20088,Mandi_doo
20089,kepa11
20090,MihaelaB
20091,Omnomnom
20092,Trixi
20093,ancica003
20094,ancica003
20095,April is cooking
20096,nxyz
20097,andreja m
20098,tibe
20099,sportdelta
20101,Ančikaa
20102,danica85
20103,mopsika
20104,mopsika
20105,mopsika
20106,gurmankaH
20107,SMARTY1
20108,pultica
20109,svenska
20110,cincila73
20111,božiček1
20112,božiček1
20113,little_me
20114,14moniii
20115,mopsika
20116,mopsika
20117,billika5
20118,anamarija1
20119,teyc
20120,missan
20121,anamarija1
20122,fruza
20123,14moniii
20124,KarelVeliki
20125,Lojzka123
20126,hribovc61
20127,bojanz6
20128,PetraPan
20129,PetraPan
20130,BlurredLimes
20131,BlurredLimes
20132,mamamia
20133,05sostar
20134,mamamia
20135,Lojzka123
20136,bs_ovka
20137,piskrcek
20138,galy
20139,Eva Ana
20140,T as Tasty
20141,April is cooking
20142,sarabande
20143,piskrcek
20144,piskrcek
20145,Evvva
20146,Evvva
20147,Evvva
20148,Evvva
20149,gobica10
20150,piskrcek
20151,kambro
20152,ZvonkaK
20153,PetraPan
20154,Brusnica
20155,BlizuMesta
20156,BlizuMesta
20157,BlizuMesta
20159,bananasplit14
20160,P_89
20161,SMARTY1
20162,Evvva
20163,lanakuft
20164,piskrcek
20165,mamamia
20166,Piskotka
20167,La Parisienne
20168,kristi_22
20169,Janja
20170,PetraPan
20171,sarabande
20172,Kanna1984
20173,fasulas
20174,posavka
20175,MMATEYKA
20176,fasulas
20177,natalikuha
20178,SMARTY1
20180,Sanja_G
20181,strukla
20182,pekicabest
20183,SMARTY1
20184,Victor
20185,smajo
20186,marta
20187,T as Tasty
20188,Ančikaa
20189,boštjanno
20190,Nejcha
20191,Dunchi
20192,Receptomanka
20193,dorca
20194,Sweetness Bakery
20195,tibe
20196,Merlisa
20197,zes5ana
20198,pestoja
20199,Sweetness Bakery
20200,T as Tasty
20201,Levinjav
20202,Levinjav
20203,pestoja
20204,marta
20205,marta
20206,P3T4A
20207,marta
20208,marta
20209,marta
20210,SUFLE
20211,marta
20212,T as Tasty
20213,sandra68
20214,marta
20215,ancii
20216,drejcek
20217,kuhardenis
20218,barbaraca
20219,sarabande
20220,beno71
20221,marta
20222,SMARTY1
20223,zes5ana
20224,SMARTY1
20225,midvakuhava
20226,Frklaa
20227,nanastil
20228,marta
20229,White Daisy
20230,AriadnaXY
20231,ZvonkaK
20232,T as Tasty
20233,marta
20234,marta
20235,marta
20236,marta
20237,nanastil
20238,marta
20239,micimaci
20240,marta
20241,kuharica Sara
20242,zes5ana
20243,zes5ana
20244,Vesna rada peče
20245,Vesna rada peče
20246,Vesna rada peče
20247,pikapolonica80
20248,SMARTY1
20249,mmmuffinsandco
20250,andda
20251,T as Tasty
20252,zes5ana
20253,nivkapivka
20254,mmmuffinsandco
20255,piskrcek
20256,tulipanka
20257,Barbara_M
20258,mopsika
20259,anja5588
20260,Sanja_G
20261,marta
20262,marta
20263,marta
20264,marta
20265,marta
20266,marta
20267,Katja D
20268,T as Tasty
20269,fizik
20270,zes5ana
20271,midvakuhava
20272,Abeta
20275,Barbara_M
20276,anja5588
20277,marta
20278,teodorca
20279,kuharica Sara
20280,T as Tasty
20281,marta
20282,marta
20283,vesoljec
20284,teodorca
20285,Barbara_M
20286,SMARTY1
20287,sarabande
20288,SMARTY1
20289,midvakuhava
20290,fasulas
20291,fasulas
20292,Evvva
20293,Marina_M
20294,nerwen
20295,limnol
20296,jančibake
20298,dari
20299,the tina
20300,the tina
20301,nivkapivka
20302,kokljeva
20303,T as Tasty
20304,marta
20305,marta
20306,marta
20307,Zorana
20308,blala
20309,lellykely
20310,skinna
20311,vitta555
20312,Sabina Jug
20313,branco
20314,mamamia
20315,mamamia
20316,kuharica k
20317,T as Tasty
20318,Mme
20319,mamamia
20320,npahor4
20321,borutdez
20322,Mme
20323,Jamjam
20324,sarabande
20325,anamarija1
20326,anya_raikkonen
20327,RahXephon1
20328,Olga321
20329,Maja92
20330,Maja92
20331,Celeste
20332,Vanillia
20333,zlodej marko
20334,missan
20337,Chef95
20338,Chef95
20339,midvakuhava
20340,Chef95
20341,Vanillia
20342,Celeste
20343,anneycyrus
20344,Vanillia
20345,Mme
20346,tibe
20347,fasulas
20348,Mme
20349,Tanja01
20350,piciikaa
20351,piskrcek
20352,Pesjaner1
20355,14moniii
20356,zivagreen
20357,dado1010
20358,scobidoo1234
20359,sa_m
20360,topsi
20361,Vanillia
20363,BarByKaa
20364,anasteele
20365,slivovi cmoki
20366,noangel
20367,noangel
20368,ivanal123
20369,tulipanka
20370,pegasti
20371,tulipanka
20372,Robi Š
20373,Vesper
20374,kristi_22
20375,kristi_22
20376,Chef95
20378,kristi_22
20379,tulipanka
20380,sarabande
20381,Vanillia
20382,dobrejedi
20384,pikapolonica80
20385,mamamia
20386,pikapolonica80
20387,pikapolonica80
20388,Pesjaner1
20389,fasulas
20390,fasulas
20391,Nina_Nia
20392,Vanillia
20393,Vanillia
20394,zivagreen
20395,MP214
20396,ljuljak
20397,sharonstone
20398,kuharica k
20399,Vanillia
20400,Barbara_M