id, sestavina
001, avokada; moène jušne osnove ali vode z jušno kocko; dobro stepene smetane; jogurta; nastrgane šalotke; paradižnikovega soka; "sol in <a href=""https://www.kulinarika.net/recepti/zacimbe/101/poper/"">poper</a> po okusu"; "tabasko omake; èe želimo pekoèe"
002, kumar; skodela kisle smetane; majhna nastrgana èebula; strtega èesna; belega vinskega kisa; lonèek jogurta; drobno sesekljanih orehov; sol po okusu; "beli <a href=""https://www.kulinarika.net/recepti/zacimbe/101/poper/"">poper</a> po okusu"
003, zavitek tenkega vleèenega testa; ".5 kg zmletih orehov ali <a href=""https://www.kulinarika.net/recepti/zacimbe/39/mandelj/"">mandljev</a> ali lešnikov"; skodela sladkorja; "zmletih <a href=""https://www.kulinarika.net/recepti/zacimbe/87/nageljnove-zbice-klincki-/"">klinèkov</a>"; "<a href=""https://www.kulinarika.net/recepti/zacimbe/16/cimet/"">cimeta</a> v prahu"; stopljenega masla; <b>Sestavine za sirup:</b>; vode; skodeli sladkorja; sok ene limone in nastrgana lupinica; ruma
010, olupljenih in nastrganih mladih buèk; drobno sesekljane èebule; kuhanega masla; moke; paradižnikovega soka; vode ali juhe iz kocke; drobno sesekljanega koprca; "sol in <a href=""https://www.kulinarika.net/recepti/zacimbe/101/poper/"">poper</a> po okusu"; kisla smetana po okusu
011, "èebule; narezane na kolobarje"; masla; vode z jušno kocko ali pa juhe; "sol in <a href=""https://www.kulinarika.net/recepti/zacimbe/101/poper/"">poper</a> po okusu"; belega suhega vina; rezine belega kruha popeèenega na maslu; naribanega sira
012, veèja glava èesna; olivnega olja; "porovo steblo; narezano na rezine"; veèja mokasta krompirja; šcepec kumine; "sol in <a href=""https://www.kulinarika.net/recepti/zacimbe/101/poper/"">poper</a> po okusu"; juhe ali vode z jušno kocko; kisle smetane; rumenjaka
013, "nemastnega govejega mesa (najbolje s križa živali);"; Eno govejo kost; litrov vode; do 4 korenèke; "<a href=""https://www.kulinarika.net/recepti/zacimbe/130/zelena/"">zelene</a>"; "korenino <a href=""https://www.kulinarika.net/recepti/zacimbe/99/petersilj/"">peteršilja</a>"; pora; po želji tudi nekaj kolerabe; rezina èebule; stroke èesna; lovorjev list; žafranika
014, "olupljenih paradižnikov; narezanih na košèke"; olupljena in narezana kumara; "manjša <a href=""https://www.kulinarika.net/recepti/zacimbe/130/zelena/"">zelena</a> paprika; narezana na rezance"; manjša drobno sesekljana èebula; strtega èesna; limoninega soka; olja; pekoèe rdeèe paprike; vode; sol po okusu
015, marelic; feferon; korenja; limona; svežega ingverja; rjavega sladkorja; cl sherryja; sol; "<a href=""https://www.kulinarika.net/recepti/zacimbe/10/bazilika/"">bazilika</a>"; juhe (iz kocke) 
016, žabjih krakov (poleti uporabljamo le zamrznjene krake); masla; moke; "drobno nasekljanega <a href=""https://www.kulinarika.net/recepti/zacimbe/99/petersilj/"">peteršilja</a> ali kreše"; strtega èesna; nastrganega muškatnega oreška; "vode; v kateri se je kuhala zelenjava"; "sol in <a href=""https://www.kulinarika.net/recepti/zacimbe/101/poper/"">poper</a> po okusu"
017, dobrega rdeèega vina; vode; "<a href=""https://www.kulinarika.net/recepti/zacimbe/16/cimet/"">cimeta</a>"; nageljnovi žbici; limonina lupina; sladkorja; masla; moke; rumenjaka; sol po okusu
018, "stebla pora; oprana in narezana na kolobarèke"; mladi èebuli narezani na kolobarèke; masla; kokošje juhe iz kocke; "veèji krompirji; olupljeni in narezani na kocke"; skodela kisle smetane; nasekljanega drobnjaka; "sol in beli <a href=""https://www.kulinarika.net/recepti/zacimbe/101/poper/"">poper</a> po okusu"
019, teletine s kostjo; vode; èebula narezana na èetrtine; stroki strtega èesna; "zrn <a href=""https://www.kulinarika.net/recepti/zacimbe/101/poper/"">popra</a>"; sol po okusu; list lovorja; timijana; moke; "veèji krompirji; narezani na kose"; kisa; kisle smetane; po želji eno jajce; "drobno narezanega <a href=""https://www.kulinarika.net/recepti/zacimbe/99/petersilj/"">peteršilja</a>"
020, narezanega zelja; sesekljana èebula; mehke govedine; vode; "korenèek; narezan na kolobarje"; limoninega soka; rjavega sladkorja; moke; olja; jušna kocka; "sol in <a href=""https://www.kulinarika.net/recepti/zacimbe/101/poper/"">poper</a> po okusu"
021, manjša cvetaèa; drobno sesekljana èebula; strtega èesna; masla; kokošje juhe ali juhe iz kocke; sladke smetane; "drobno nasekljanega <a href=""https://www.kulinarika.net/recepti/zacimbe/99/petersilj/"">peteršilja</a>"; "rezini popeèenega toasta; narezanega na kocke"; "sol in <a href=""https://www.kulinarika.net/recepti/zacimbe/101/poper/"">poper</a> po okusu"
022, "buèk; olupljenih in narezanih na košèke"; olja; olupljena in narezana paradižnika; "papriki; narezani na rezine"; drobno sesekljana èebula; "drobno nasekljane <a href=""https://www.kulinarika.net/recepti/zacimbe/81/melisa/"">melise</a>"; "drobno nasekljanega <a href=""https://www.kulinarika.net/recepti/zacimbe/99/petersilj/"">peteršilja</a>"; jajce; kisle smetane; kisa ali limoninega soka; vode ali juhe iz kocke; "sol in <a href=""https://www.kulinarika.net/recepti/zacimbe/101/poper/"">poper</a> po okusu"
023, govejega boènika ali kakega drugega kosa mesa; svinine / ni nujno /; divjaèinskega mesa; "veèji èebuli; narezani na drobno"; strtega èesna; o dag olupljenega in na veèje kose narezanega krompirja; feferon ali malo pekoèe paprike; "<a href=""https://www.kulinarika.net/recepti/zacimbe/130/zelena/"">zeleno</a> in 1 rdeèo papriko; narezano na rezine"; po želji lahko nekaj narezanih gob; olja; "sol in <a href=""https://www.kulinarika.net/recepti/zacimbe/101/poper/"">poper</a> po okusu"; rdeèe paprike; šcepec timijana; pimenta; list lovorja; šcepec mlete kumine; belega vina
024, krompirja; olupljenih èebulic; "pora; narezanega na kolobarje"; "<a href=""https://www.kulinarika.net/recepti/zacimbe/130/zelena/"">zelene</a>; narezane na rezine (primernejša je stebelna <a href=""https://www.kulinarika.net/recepti/zacimbe/130/zelena/"">zelena</a>)"; masla; lovorovi listi; timijana; "pišèanèjih jeter; narezanih na košèke"; "drobno sesekljanega <a href=""https://www.kulinarika.net/recepti/zacimbe/99/petersilj/"">peteršilja</a>"; vode ali juhe; "sol in <a href=""https://www.kulinarika.net/recepti/zacimbe/101/poper/"">poper</a> po okusu"
025, zmlete svinjine; sesekljane bele èebule; pekoèe rdeèe paprike; "drobno narezana <a href=""https://www.kulinarika.net/recepti/zacimbe/130/zelena/"">zelena</a> paprika"; masla; moke; juhe iz kock; "sveži paradižniki ali paradižniki iz ploèevinke; olupljeni in narezani na košèke"; skodela kuhanega riža; "sol in <a href=""https://www.kulinarika.net/recepti/zacimbe/101/poper/"">poper</a> po okusu"
026, "masla ali <span class=""label-inline"">2 žlici"; pšeniènega zdroba; "drobno narezanega <a href=""https://www.kulinarika.net/recepti/zacimbe/99/petersilj/"">peteršilja</a>"; vrele slane vode ali vroèe vode z jušno kocko; jajce; "<a href=""https://www.kulinarika.net/recepti/zacimbe/101/poper/"">poper</a> po okusu "; nastrgan korenèek
027, "avokada; prerezana in poškropljena s sokom limone; da ne oksidira"; kuhanih rakcev; kuhanega graha; trdo kuhani jajci; "mandarina; olupljena in narezana na košèke"; veliki žlici majoneze; "sol in <a href=""https://www.kulinarika.net/recepti/zacimbe/101/poper/"">poper</a> po okusu"; "<a href=""https://www.kulinarika.net/recepti/zacimbe/37/gorcica/"">gorèice</a>"; listi solate
028, "kvalitetne govedine / pleèe; prsa ali flam"; kg. jagnjetine; krompirja; do 3 dag soli; "zrn <a href=""https://www.kulinarika.net/recepti/zacimbe/101/poper/"">popra</a>"; liste lovorja; veèja èebula narezana na drobno; strokov èesna; "do 3 korenèke; narezane na kolobarje"; "narezanega <a href=""https://www.kulinarika.net/recepti/zacimbe/99/petersilj/"">peteršilja</a>"; "narezane <a href=""https://www.kulinarika.net/recepti/zacimbe/130/zelena/"">zelene</a>/5 dag"; nageljnovih žbic zavitih v gazo.; narezanega paradižnika ali pa 2 žlici paradižnikove mezge; dobrega belega vina 
029, "l<span class=""label-inline"">5 dag"; limonin sok; kisle kumarice; narezane ali zmlete; dobro olje; "<a href=""https://www.kulinarika.net/recepti/zacimbe/101/poper/"">poper</a>"; drobno narezana bela èebulica; "žlicka drobno narezanega <a href=""https://www.kulinarika.net/recepti/zacimbe/99/petersilj/"">peteršilja</a>"; "<a href=""https://www.kulinarika.net/recepti/zacimbe/10/bazilika/"">bazilike</a>"; majoneza; sojina omaka; tabasko omaka; "sol po okusu ali pa zaèinka <a href=""https://www.kulinarika.net/recepti/zacimbe/37/gorcica/"">gorèica</a>"; kisa ali suhega vina 
030, mletega mesa; pelatov ( velika konzerva ); rdeèega fižola ( velika konzerva ); vode; olja; soli; "zmletega èrnega <a href=""https://www.kulinarika.net/recepti/zacimbe/101/poper/"">popra</a>"; mlete indijske kumine ali navadne; "cajenskega <a href=""https://www.kulinarika.net/recepti/zacimbe/101/poper/"">popra</a> (mlet chilli)"; stroki èesna; lovorjev list ; moke; rdeèa paprika ; avokado; srednja èebula; sira gauda; kisle smetane
031, drobno mleto meso; "zaèimbe (sol;<a href=""https://www.kulinarika.net/recepti/zacimbe/101/poper/"">poper</a>; èesen...)"; jajce; moka; olje; èebula; juha; belo vino; kisla smetana; "<a href=""https://www.kulinarika.net/recepti/zacimbe/99/petersilj/"">peteršilj</a>"
032, mehke govedine brez kosti; in pol žlièke sladkorja; sojine omake; hoisinove omake / dobi se pri nas v veèjih trgovinah/; suhega vina ali šerija; ali 4 stroki èesna; namiznega olja
033, "mehke svinine;narezane na košèke"; opranega riža; masti; "èebula; narezana na košèke"; veèja paradižnika narezana na rezine; "<a href=""https://www.kulinarika.net/recepti/zacimbe/130/zelena/"">zeleni</a> papriki; narezani na rezine"; "prekajene svinine; narezane na košèke"; kisle smetane; "sol in <a href=""https://www.kulinarika.net/recepti/zacimbe/101/poper/"">poper</a> po okusu in potrebi"; rdeèe paprike 
034, pišèanèji bedri; srednje veliki èebuli; stroki èesna; jušna kocka; olje; vroèe vode; "sol; zaèimbna mešanica; èesen v prahu (za zaèinitev mesa) "
035, govejega boènika ali vratovine; nalistane èebule; masti; vode; sol; moke; sladke zmlete paprike; kisa in sol
036, goveji zrezki; "sol; <a href=""https://www.kulinarika.net/recepti/zacimbe/101/poper/"">poper</a>"; stroki èesna; èebula; papriki; paradižnika; buèka; "<a href=""https://www.kulinarika.net/recepti/zacimbe/37/gorcica/"">gorèice</a>"; paradižnikove mezge; olja
037, govejega mesa; "rezine svežega ali konzerviranega <a href=""https://www.kulinarika.net/recepti/zacimbe/4/ananas/"">ananasa</a>"; sojine ali worcesterske omake; sladkorja; soli; limoninega soka; nastrganega ingverja; strtega èesna; olja
038, mehke govedine; piva; olja; limoninega soka; strtega èesna; lista lovorja; timijana v prahu; origana v prahu; "zdrobljene <a href=""https://www.kulinarika.net/recepti/zacimbe/10/bazilika/"">bazilike</a>"; vejica rožmarina; "sol in <a href=""https://www.kulinarika.net/recepti/zacimbe/101/poper/"">poper</a> po okusu"; "<a href=""https://www.kulinarika.net/recepti/zacimbe/37/gorcica/"">gorèice</a>"
039, kuhanega ali peèenega mesa; masti; èebuli; sol; "<a href=""https://www.kulinarika.net/recepti/zacimbe/101/poper/"">poper</a>"; jajc; mleka
040, mesa suhega bakalarja ali polenovke; olivnega olja; èesnovega soka; "sol in malo <a href=""https://www.kulinarika.net/recepti/zacimbe/101/poper/"">popra</a> po okusu"; "drobno narezanega <a href=""https://www.kulinarika.net/recepti/zacimbe/99/petersilj/"">peteršilja</a>"
041, dateljev; kakega dobrega pikantnega sira
042, grapefruit; majoneza; ketchup; vodka
043, <b>Za 4-6 obrokov:</b>; jajc; drobno sesekljana èebula; olja; curryjevega praška; majoneze; "sol in <a href=""https://www.kulinarika.net/recepti/zacimbe/101/poper/"">poper</a>"; <b>Za riževo solato:</b>; riža; vinaigrette; rozin; sesekljanih suhih marelic; grobo sesekljanih orehov; šopek kreše (za okras); <b>Za omako vinaigrette:</b>; "kisa ali <span class=""label-inline"">1;5 žlice"; "sol in <a href=""https://www.kulinarika.net/recepti/zacimbe/101/poper/"">poper</a>"; "dijonske <a href=""https://www.kulinarika.net/recepti/zacimbe/37/gorcica/"">gorèice</a> (po želji) "; olja
044, kisle kumarice; èebula; sladka rdeèa paprika ( suha ); sol; "<a href=""https://www.kulinarika.net/recepti/zacimbe/101/poper/"">poper</a> "; skuta; smetana - sladka ali kisla
045, jajc; majoneze; limoninega soka; manjša nastrgana èebula; "<a href=""https://www2.kulinarika.net/recepti/zacimbe/37/gorcica/"">gorèice</a>"; "belega <a href=""https://www2.kulinarika.net/recepti/zacimbe/101/poper/"">popra</a>"; sol po okusu; "vejica <a href=""https://www2.kulinarika.net/recepti/zacimbe/99/petersilj/"">peteršilja</a> za okrasitev"
046, veèjih razkošèièenih oliv; zmlete govedine; "pišèanèja jetra; narezana na drobno"; strtega èesna; naribanega parmezana; olja; odišavljenih kruhovih drobtin (zmešanih z zaèimbami); "šcepec posušene zdrobljene <a href=""https://www.kulinarika.net/recepti/zacimbe/10/bazilika/"">bazilike</a> ali origana"; "sol in <a href=""https://www.kulinarika.net/recepti/zacimbe/101/poper/"">poper</a> po okusu"; "Za paniranje: moka ; stepeno jajce; kruhove drobtine in olje za cvrenje"
047, manjših paradižnikov; mašèobe; jajca; zaèimbne mešanice; "narezane kreše; mete; krebuljice; <a href=""https://www.kulinarika.net/recepti/zacimbe/10/bazilika/"">bazilike</a> ali <a href=""https://www.kulinarika.net/recepti/zacimbe/99/petersilj/"">peteršilja</a>; suhe zaèimbe zdrobimo"; naribanega sira; "<a href=""https://www.kulinarika.net/recepti/zacimbe/101/poper/"">poper</a> po okusu"
048, <b>Za 10 oseb:</b>; "jajc;"; "kumarice po želji;"; "ketchup;"; "<a href=""https://www.kulinarika.net/recepti/zacimbe/37/gorcica/"">gorèica</a>;"; "mleta rdeèa paprika;"; sendviè klobase; "sira edamca;"; "soli;"; "<a href=""https://www.kulinarika.net/recepti/zacimbe/101/poper/"">poper</a>;"; olja. 
049, skute; "kakega ostrega sira; naribanega na rezance"; "manjša èebula; naribana na rezance"; belega vina; "drobno narezanega <a href=""https://www.kulinarika.net/recepti/zacimbe/99/petersilj/"">peteršilja</a>"; "<a href=""https://www.kulinarika.net/recepti/zacimbe/101/poper/"">popra</a>"; "<a href=""https://www.kulinarika.net/recepti/zacimbe/101/poper/"">popra</a>ženih in zdrobljenih <a href=""https://www.kulinarika.net/recepti/zacimbe/39/mandelj/"">mandljev</a> "
050, sveže skute; kisle smetane; drobno narezanega ali zdrobljenega timijana; drobno narezanega drobnjaka; drobno narezanega koprca; "sol in <a href=""https://www.kulinarika.net/recepti/zacimbe/101/poper/"">poper</a> po okusu"; trdo kuhano jajce
052, mleka; masla; pšeniènega zdroba; skute; jajce; pršuta; rakovih repkov; "<a href=""https://www.kulinarika.net/recepti/zacimbe/8/bambus/"">bambusovih</a> vršièkov"; sladka smetana; "èesen; oljèno olje"; sol
053, suhega mesa brez kosti; medu; "<a href=""https://www.kulinarika.net/recepti/zacimbe/16/cimet/"">cimeta</a>"; zdrobljenih nageljnovih žbic; sojine omake ; "<a href=""https://www.kulinarika.net/recepti/zacimbe/16/cimet/"">cimeta</a> v prahu"
054, moke; margarine; kvasa; žlièko soli; "cca <span class=""label-inline"">3dcl"; "sezam; kumina ali <a href=""https://www.kulinarika.net/recepti/zacimbe/77/mak/"">mak</a>"; rumenjak za premaz
055, jajc; ploèevinki tune; majoneze; masla; drobno narezanega ali zdrobljenega timijana; "<a href=""https://www.kulinarika.net/recepti/zacimbe/37/gorcica/"">gorèice</a>"; par kapljic soka limone; "<a href=""https://www.kulinarika.net/recepti/zacimbe/101/poper/"">poper</a> po okusu"
056, "<a href=""https://www.kulinarika.net/recepti/zacimbe/130/zelena/"">zelena</a> solata"; škampovi repki; ketchup; majoneza; vodka; "beli <a href=""https://www.kulinarika.net/recepti/zacimbe/101/poper/"">poper</a>"; paradižnik; kumare; limona; pomaranèa
057, tunine v olivnem olju; veèjih vloženih kislih kumaric; manjša glava èebule; mlete paprike (nepekoèe); sladke smetane; velikih žlic majoneze; konjaka; sol ali vegeta
058, tenkih rezin lososa; "francoske solate; lahko kupljene lahko jo naredimo sami "; listov solate
059, mletega mesa; èebula; èesna; krompirja; kisle smetane; jajci; "sol; <a href=""https://www.kulinarika.net/recepti/zacimbe/101/poper/"">poper</a>"; mašèoba; maslo
060, So opisane v samem postopku.
061, Mlada raca ali gos; sol po okusu; kumina; kostanji oz. kisla jabolka; maslo po okusu
062, "<span class=""label-inline"">2 kg"; "sol in beli <a href=""https://www.kulinarika.net/recepti/zacimbe/101/poper/"">poper</a> po okusu"; "<a href=""https://www.kulinarika.net/recepti/zacimbe/76/majaron/"">majarona</a> ali origana"; "veèja kisla jabolka;olupljena in narezana na drobno"; skodela olupljenih in peèenih kostanjev; vroèe vode; piva; zaèimbne mešanice; jedilnega škroba 
063, mesa; prekajene slanine; list lovorja; "<a href=""https://www.kulinarika.net/recepti/zacimbe/76/majaron/"">majarona</a>"; par suhih borovnic; masla; belega vina; "<a href=""https://www.kulinarika.net/recepti/zacimbe/37/gorcica/"">gorèice</a>"; "sol in <a href=""https://www.kulinarika.net/recepti/zacimbe/101/poper/"">poper</a> po okusu"; olje za peèenje
064, mesnate slanine; sala; svinjskih jetrc; ledene vode; soli; "jedilne žlice mletega belega <a href=""https://www.kulinarika.net/recepti/zacimbe/101/poper/"">popra</a>"; pimenta; mlete kumine; nastrganega muškatnega orešèka; "jedilna žlica <a href=""https://www.kulinarika.net/recepti/zacimbe/76/majaron/"">majarona</a>"; èesna in nastrgana lupina neškropljene limone
065, "krompirja; olupljenega in narezanega na rezine"; mašèobe; "èebuli; narezani na drobno"; "mletega mesa (pol svinjine; pol govedine)"; "sol in <a href=""https://www.kulinarika.net/recepti/zacimbe/101/poper/"">poper</a> po okusu"; jajca; kisle smetane; mleka; naribanega sira
066, "srednje velike svinjske kotlete zarežemo; da naredimo žepek"; skute; kisle smetane; "vloženega <a href=""https://www.kulinarika.net/recepti/zacimbe/44/hren/"">hrena</a>"; "sol in <a href=""https://www.kulinarika.net/recepti/zacimbe/101/poper/"">poper</a> po okusu"; maslo za peèenje; moka za kotlete
067, mlad zajec; drobovina dotiènega zajca; kruh; mleka; jajci; "<a href=""https://www.kulinarika.net/recepti/zacimbe/99/petersilj/"">peteršilj</a>"; sol; "<a href=""https://www.kulinarika.net/recepti/zacimbe/101/poper/"">poper</a>"; èebula; maslo; paradižnik (ali mezga); Opcija - olive
068, <b>Za 6-8 obrokov:</b>; teleèjih prsi; trdo kuhani jajci zrezani na rezine; "kuhane; na tanke rezine narezane gnjati"; olja; surovega masla; na èetrtinke narezana èebula; na èetrtinke narezan korenèek; "na velike kose narezano steblo belušne <a href=""https://www.kulinarika.net/recepti/zacimbe/130/zelena/"">zelene</a>"; belega vina; teleèje osnove; strt strok èesna; bouquet garni; <b>Za nadev:</b>; drobno sesekljana èebula; surovega masla; zmlete puste teletine; svežih drobtin belega kruha; sesekljana stroka èesna; naribana lupina limone; "sesekljanega <a href=""https://www.kulinarika.net/recepti/zacimbe/99/petersilj/"">peteršilja</a>"; muškata; "sol in <a href=""https://www.kulinarika.net/recepti/zacimbe/101/poper/"">poper</a>"; razžvrkljani jajci 
069, "do <span class=""label-inline"">2 kg"; sol ali kaka zaèimbna mešanica; "žemlje; na kocke narezane"; mleka; "majhna šalotka; narezana na drobne košèke"; prekajene slanine narezane na košèke; dag; "šunke; narezane na košèke"; jajca; "drobno narezanega <a href=""https://www2.kulinarika.net/recepti/zacimbe/99/petersilj/"">peteršilja</a>"; smetane; "<a href=""https://www2.kulinarika.net/recepti/zacimbe/101/poper/"">poper</a> po okusu"; zdrobljenega timijana; maslo in mašèoba za peèenje
070, I. Omleta; ¡ 2 jajci ; "¡ <span class=""label-inline"">10 dag"; "¡ <span class=""label-inline"">3/4 l"; ¡ noževo konico soli ; ¡ olje za peko ; II. Omletni nadev; ¡ l5 dag pišèanèjih jeter ; "¡ <span class=""label-inline"">5 dag"; ¡ srednje veliko èebulo ; ¡ nekaj vejic petršilja ; "¡ <a href=""https://www.kulinarika.net/recepti/zacimbe/101/poper/"">poper</a> in sol "; ¡ žlico olja ; III. Omletni preliv; "¡ <span class=""label-inline"">2"; "¡ <span class=""label-inline"">1 dl"; je kuhala jušna zelenjava ; ¡ 1 dl kisle smetane ; ¡ jušno žlico drobno sesekljane jušne ; zelenjave iz uporabljene juhe ; "sol; <a href=""https://www.kulinarika.net/recepti/zacimbe/101/poper/"">poper</a>; <a href=""https://www.kulinarika.net/recepti/zacimbe/37/gorcica/"">gorèica</a> in èajna žlièka limonovega soka po okusu"; ¡ jušno žlico sesekljanega drobnjaka ; IV. Krompirjeva slama; "¡ <span class=""label-inline"">60 dag"; ¡ olje za cvrtje ; ¡ sol za posipanje 
071, toast kruh; mortadele; sira; lonèka kisle smetane; jajci; kumaric; fileta vložene paprike ali feferonov; oliv brez košèic ; šèepce origana oz. po okusu
072, ".<span class=""label-inline"">5 kg"; ".<span class=""label-inline"">5 dl"; "drobno narezanega <a href=""https://www.kulinarika.net/recepti/zacimbe/99/petersilj/"">peteršilja</a>"; sol po potrebi; "<a href=""https://www.kulinarika.net/recepti/zacimbe/101/poper/"">popra</a>; za marinado v zrnih"; jajca; moka in kruhove drobtine za paniranje; olje za cvrenje; listov lepe špinaèe
073, made jagnjetine; zaèimbna mešanica ali sol; zdrobljen timijan; zdrobljen èesen; olje; limonin sok
074, zajca; masla; èebula; sol; "<a href=""https://www2.kulinarika.net/recepti/zacimbe/101/poper/"">poper</a>"; nageljnovi žbici; rožmarin po okusu; èrno vino; kruhove drobtine
075, puranovih ali pišèanèjih prsi; "sol; <a href=""https://www.kulinarika.net/recepti/zacimbe/101/poper/"">poper</a> in rdeèa paprika po okusu"; drobno narezanega timijana; masla; suhega vina; veèja žlica smetane; "<a href=""https://www.kulinarika.net/recepti/zacimbe/37/gorcica/"">gorèice</a>"; skodela naribanega sira; kruhovih drobtin; "sol in <a href=""https://www.kulinarika.net/recepti/zacimbe/101/poper/"">poper</a> po okusu"
076, teleèji kraèi; strtega èesna; "sol; <a href=""https://www.kulinarika.net/recepti/zacimbe/101/poper/"">poper</a> ali zaèinka"; mašèoba za peèenje; juha za zalivanje
077, pišèanèjih prsi; "mešane zelenjave (paprika; grah; korenèek)"; steklenih rezancev (lahko so tudi navadni špageti); "sojina omaka; olje; kis; sol; <a href=""https://www.kulinarika.net/recepti/zacimbe/101/poper/"">poper</a>; curry"; gustina oz. škroba
078, pišèanèjega fileja na osebo; olivnega olja; glave èebule; strokov èesna; rjavega sladkorja (lahko tudi navadnega); soli; curryja; vegete; belega vina; kokosove moke; mleka; vode; sok pol limete (lahko limone)
079, pišèanec; kozarec kisle smetane; stroke èesna; trdo kuhana jajca; kisle kumarice; olje; sol; olje
080, kislega zelja; svinjskega mesa; riž; èebula; vegeta; lovorova lista
081, o dag mletega mesa; v mleku namoèenega in ožetega kruha; jajce; "sol in <a href=""https://www.kulinarika.net/recepti/zacimbe/101/poper/"">poper</a> po okusu"; "drobno narezanega <a href=""https://www.kulinarika.net/recepti/zacimbe/99/petersilj/"">peteršilja</a>"; kruhove drobtine v katere povaljamo polpete.
082, mlete nemastne junetine; mlete nemastne svinjine ali perutnine; skute; "sesekljan <a href=""https://www.kulinarika.net/recepti/zacimbe/99/petersilj/"">peteršilj</a>"; kruha kruha; mleko; jajci; morska sol; "<a href=""https://www.kulinarika.net/recepti/zacimbe/101/poper/"">poper</a>"; "<a href=""https://www.kulinarika.net/recepti/zacimbe/76/majaron/"">majaron</a>"; èesen; kruhove drobtine
083, "o dag tenkih rezin purana; teletine ali svinine"; sojine omake; nastrganega ingverja; strtega èesna; sezamovega olja; sladkorja; suhega vina; moka ; jajce; kruhove drobtine
084, tenki zrezki potolèeni (meso mora biti od šimbasa); "na debelo zmleti <a href=""https://www.kulinarika.net/recepti/zacimbe/101/poper/"">poper</a>"; sol po potrebi; masla; belega vina ali konjaka; masla
085, ".<span class=""label-inline"">5 kg"; olja; "èebuli ; narezani na drobne košèke"; strtega èesna; na drobno narezane prekajene slanine; olupljena in na košèke narezana paradižnika; paradižnikove mezge; "do <span class=""label-inline"">4"; "<a href=""https://www.kulinarika.net/recepti/zacimbe/76/majaron/"">majarona</a>"; muškatovega orešèka; vejica rožmarina; "nageljnovi žbici ali <a href=""https://www.kulinarika.net/recepti/zacimbe/87/nageljnove-zbice-klincki-/"">klinèka</a>"; rdeèe paprike; "sol in <a href=""https://www.kulinarika.net/recepti/zacimbe/101/poper/"">poper</a> po okusu"; belega vina; èrnega vina; kisle smetane
086, <b>Za kilogram in pol srninega hrbta potrebujemo: </b>; "veèja korena; narezana na rezine"; "korenino <a href=""https://www.kulinarika.net/recepti/zacimbe/99/petersilj/"">peteršilja</a>; narezanega na rezine "; "narezane <a href=""https://www.kulinarika.net/recepti/zacimbe/130/zelena/"">zelene</a>"; stroki narezanega èesna; "lo zrn <a href=""https://www.kulinarika.net/recepti/zacimbe/101/poper/"">popra</a>"; lo zrn pimente; lista lovorja; zrn brinovih jagod; vejica timijana; limoninega olupka; lo dag slanine; juhe ali vode z jušno kocko; dobrega èrnega vina; smetane; masla; moke; "èebula; narezana na rezine"
087, svinjska zrezka; "paradižnik; narezan na košèke"; drobno sesekljan èesen po okusu; "drobno sesekljanega <a href=""https://www.kulinarika.net/recepti/zacimbe/99/petersilj/"">peteršilja</a>"; "<a href=""https://www.kulinarika.net/recepti/zacimbe/37/gorcica/"">gorèica</a>"; dobrega svetlega ali temnega piva; sol; "<a href=""https://www.kulinarika.net/recepti/zacimbe/101/poper/"">poper</a> "; ingver
088, <b>Za 4 obroke: </b>; "debele svinjske zarebrnice (<span class=""label-inline"">1;2 - 1;4 kg"; "sol in <a href=""https://www.kulinarika.net/recepti/zacimbe/101/poper/"">poper</a>"; olja; surovega masla; na listke narezani èebuli; "olupljeni; razpeèkani; na obroèke narezani kisli jabolki"; calvadosa; moke; teleèje osnove; muškata; creme fraiche ali creme double; to je smetana; <b>Za prilogo: </b>; surovega masla; "èvrsti namizni jabolki; neolupljeni; brez pešèišèa; zrezani na 1 cm debele obroèke"; sladkorja
089, mehkega svinjskega mesa; svinjska mrežica; "sol in <a href=""https://www.kulinarika.net/recepti/zacimbe/101/poper/"">poper</a> po okusu"; zmlete kumine; stroki strtega èesna; "vloženega <a href=""https://www.kulinarika.net/recepti/zacimbe/44/hren/"">hrena</a>"; mašèoba za peèenje ; "sol in <a href=""https://www.kulinarika.net/recepti/zacimbe/101/poper/"">poper</a> po okusu"
090, svinjski zrezki; stroki èesna; Vegeta ali Zaèinka; sol; mešanica zaèimb za svinjino; "<a href=""https://www.kulinarika.net/recepti/zacimbe/101/poper/"">poper</a>"; drobno mleti èesen; drobno mleta èebula; juha iz goveje kocke; kisla smetana 
091, Prekajena šunka; zmlete kumine; list lovorja zmlet v prah; "moka; kvas; sladkor"
092, goveje pljuène peèenke; sol; "<a href=""https://www.kulinarika.net/recepti/zacimbe/101/poper/"">poper</a>"; zmleta kumina; rdeèe paprike; zdrobljeni sardelni file; nastrgana šalotka; drobno nasekljani kapri; "<a href=""https://www.kulinarika.net/recepti/zacimbe/37/gorcica/"">gorèice</a>"; majoneze; zmehèanega masla; "<a href=""https://www.kulinarika.net/recepti/zacimbe/99/petersilj/"">peteršilj</a>"; rumenjak 
093, teleèja kraèa; suhega žajbla (predvsem cvetovi); suhega rožmarina; olivnega olja; sol; "sveže mleti bel <a href=""https://www.kulinarika.net/recepti/zacimbe/101/poper/"">poper</a>"; teleèje osnove (lahko tudi goveja juha ali voda)
094, svinjski zrezki; sol; majoneza; "<a href=""https://www.kulinarika.net/recepti/zacimbe/130/zelena/"">zeleni</a> papriki"; rezine sira; "moka; jajce in drobtine za cvrtje"; sol
095, zmletega govejega mesa; pšeniènega zdroba instant; mleka; krompirja; veèji korenèek; jajci; sol; èesen; "<a href=""https://www.kulinarika.net/recepti/zacimbe/99/petersilj/"">peteršilj</a>"; "<a href=""https://www.kulinarika.net/recepti/zacimbe/10/bazilika/"">bazilika</a>"; veèja èebula; olja; olja za cvrtje
096, "do <span class=""label-inline"">16"; teleèjih jeter; pišèanèjih jeter; prekajene slanine; masla; "nasekljanega <a href=""https://www.kulinarika.net/recepti/zacimbe/99/petersilj/"">peteršilja</a>"; nasekljanega drobnjaka; "šalotki; narezani na košèke"; strtega èesna 
097, "jagnjetine brez kosti; ki jo lahko nadomestimo s puranovim mesom"; stroki strtega èesna; soli; nastrganega ingverja ali ingverja v prahu; "<a href=""https://www.kulinarika.net/recepti/zacimbe/101/poper/"">popra</a>"; origana; currya; sojine omake; "sezamovega olja; ki ga lahko nadomestimo z buènim oljem"; olja; limoninega soka
098, teleèjih ledvic; drobno sesekljani èebuli; strtega èesna; sezamovih semen; buènega olja; suhega vina; "sol in <a href=""https://www.kulinarika.net/recepti/zacimbe/101/poper/"">poper</a> po okusu "
099, rezin slanine; mladih teleèjih jeter; zdrobljenega ali drobno narezanega žajblja; "sol in beli <a href=""https://www.kulinarika.net/recepti/zacimbe/101/poper/"">poper</a> po okusu"
100, glav radièa; "prekajene slanine ali pršuta; narezanega na tanke trakove"; "<a href=""https://www.kulinarika.net/recepti/zacimbe/101/poper/"">poper</a> po okusu"
101, govejih zrezkov; sojine ali worcestrske ali kake druge slane omake; stroki strtega èesna; olja; lonèek jogurta; "sol in <a href=""https://www.kulinarika.net/recepti/zacimbe/101/poper/"">poper</a> po okusu"
102, na rezanca naribanih buèk; jajca; mleka; "sol in <a href=""https://www.kulinarika.net/recepti/zacimbe/101/poper/"">poper</a> po okusu"; zmlete kumine; moke; mašèoba za peèenje
103, pšeniène moke; jajce; voda; sol; olja; <b>Za nadev:</b>; instant ajdove moke; smetano; masla; zmletih orehov
104, instant ajdove moke; srednje debela krompirja; ocvirkov; svinjske masti
105, mehke moke; olja; mlaèna voda (po potrebi); sol ; <b>Nadev: </b>; zmlete govedine; masti ; èebuli zmleti na mesoreznici ; "sol in <a href=""https://www.kulinarika.net/recepti/zacimbe/101/poper/"">poper</a> po potrebi "; jajca 
106, "ali <span class=""label-inline"">2"; kisle smetane; drobtine; maslo
107, zmleta jagnetina; kuhan riž; jajce; "drobno narezanega <a href=""https://www.kulinarika.net/recepti/zacimbe/99/petersilj/"">peteršilja</a> "; drobno narezane mete; pekoèe paprike; muškatne skorje; sol po okusu; "mleti èrni <a href=""https://www.kulinarika.net/recepti/zacimbe/101/poper/"">poper</a> po okusu"
108, moke; soli; vode; kvasa
109, olja; belega fižola tetovca; drobno narezane èebule; strokov èesna; suhe rdeèe paprike; suha pekoèa paprika; paradižnik; lista lovorja; "sol in <a href=""https://www.kulinarika.net/recepti/zacimbe/101/poper/"">poper</a> po okusu"
110, in pol skodele moke; jajci; olja; soli; vode ; <b>Sestavine za nadev:</b>; sojinih kalèkov; èebula; èesna; zelja. dobro je kitajsko zelje; majhna pora; "stebla <a href=""https://www.kulinarika.net/recepti/zacimbe/130/zelena/"">zelene</a>"; šcepec glutaminata/ ni nujno/; sojine omake; "sol in <a href=""https://www.kulinarika.net/recepti/zacimbe/101/poper/"">poper</a> po okusu"; zmlete svinjine; olja
111, koruznega zdroba; masla; jajce; "sira; narezanega na kocke"; drobno sesekljane mlade èebule; sol po okusu
113, "Krompir; narezan na <span class=""label-inline"">2-3"; èesen; zaèimbe; jušne kocke; mleko; kisla smetana; sir (po želji)
114, srednje velikih krompirjev; gob narezanih na košèke (najprimernejši so gobani); masla; nasekljana èebula; "nasekljan <a href=""https://www.kulinarika.net/recepti/zacimbe/99/petersilj/"">peteršilj</a>"; juhe; kisle smetane; jajce; "sol in <a href=""https://www.kulinarika.net/recepti/zacimbe/101/poper/"">poper</a> po okusu "
115, "starejših žemljic; narezanih na kocke"; "slanine; narezane na kocke"; drobno narezane èebule; "drobno narezanega <a href=""https://www.kulinarika.net/recepti/zacimbe/99/petersilj/"">peteršilja</a>"; jajca; moke; masla; "sol in <a href=""https://www.kulinarika.net/recepti/zacimbe/101/poper/"">poper</a> po okusu"; mleka 
116, dobrega èrnega vina pol suhega; vode; sladkorja; vejica rožmarina; "<a href=""https://www.kulinarika.net/recepti/zacimbe/87/nageljnove-zbice-klincki-/"">klinèkov</a>"; limonine lupine; "<a href=""https://www.kulinarika.net/recepti/zacimbe/16/cimet/"">cimeta</a>"; nazadnje l žlico temnega ruma
117, <b>Za palaèinke:</b>; instant ajdove moke; mleka; jajci; soli; <b>Za nadev:</b>; domaèe šunke; sira ementalca; šampinjonov v slanici; "<a href=""https://www.kulinarika.net/recepti/zacimbe/99/petersilj/"">peteršilj</a>"; "<a href=""https://www.kulinarika.net/recepti/zacimbe/10/bazilika/"">bazilika</a>"
118, instant koruznega zdroba; juhe iz jušne kocke; domaèi klobasi; košèek masla ali margarine; sira; lonèek smetane; kozarec belega vina
119, Star krompir; èebuli; moke; rdeèe paprike; sol
120, brie sira ali camembera; strtega èesna; belega vina; drobno narezanega pehtrana; pakiranega maslenega testa 
121, jajèevcev oz. malancanov; sok limone; "do <span class=""label-inline"">2 žlici"; masla; moke; mleka; "sol in <a href=""https://www.kulinarika.net/recepti/zacimbe/101/poper/"">poper</a> po okusu"; strtega èesna; naribanega sira; lonèek gostega jogurta
122, <b>Za 10 kosov:</b>; listnato testo; rezin kuhane šunke ; rezin sira ; gob v slanini; origana 
123, instant polente; voda; sol; kuhanega stroèjega fižola; kuhanega graha; ementalec (ali topljen sir); "<a href=""https://www.kulinarika.net/recepti/zacimbe/99/petersilj/"">peteršilj</a>"; "<a href=""https://www.kulinarika.net/recepti/zacimbe/76/majaron/"">majaron</a>"; timijan; olje za cvrenje 
124, pora; masla; sol; "<a href=""https://www.kulinarika.net/recepti/zacimbe/101/poper/"">poper</a>"; kisla smetana 
125, belega fižola/tetovca; na drobno narezane bele èebule; olja; rdeèe paprike; "<a href=""https://www.kulinarika.net/recepti/zacimbe/101/poper/"">poper</a> in sol po okusu"
126, svežih gob; masla ali olja; drobno sesekljana èebula; "drobno nasekljanega <a href=""https://www.kulinarika.net/recepti/zacimbe/99/petersilj/"">peteršilja</a>"; lovske omake iz vreèke; juhe ali jušne osnove ali vode; belega vina; smetane
127, èrnega vina; pomaranènega soka; "nekoliko <a href=""https://www.kulinarika.net/recepti/zacimbe/16/cimet/"">cimeta</a>"; nageljnovih žbic; kozarec vinjaka; sladkorja; kocke ledu; mineralna voda
128, zavitek tankega vleèenega testa ; mastne skute ali srbskega sira; masti ali olja; radenske; soli
129, èesna; sira ementalerja; sira grojerja; suhega belega vina; kozarèek dobrega žganja; jedilnega škroba; "sol in <a href=""https://www.kulinarika.net/recepti/zacimbe/101/poper/"">poper</a> po okusu"; nastrganega muškatnega orešèka
130, kuhanih testenin ali krompirja; kuhane cvetaèe; trdo kuhana jajca; stroki narezanega èesna ; olivnega olja; "drobno narezanega <a href=""https://www.kulinarika.net/recepti/zacimbe/99/petersilj/"">peteršilja</a>"; origana; masla; bele moke; mleka; skodele naribanega sira; "sol in <a href=""https://www.kulinarika.net/recepti/zacimbe/101/poper/"">poper</a> po potrebi"; muškatni orešèek; parmezan
131, o dag kuhanega olupljenega krompirja; moke; jajce; sol in malo muškatnega orešèka
132, ploèevinka kuhane leèe; skodeli kuhanih testenin; skodeli kuhanega riža; olivnega olja; paradižnikove mezge; "èebula; narezana na drobno"; drobno narezanega èesna; "sol in <a href=""https://www.kulinarika.net/recepti/zacimbe/101/poper/"">poper</a> po okusu"
133, <b>Nadev: </b>; mletega mesa; èebule; zrni èesna; paradižnika; korenja; "origano;<a href=""https://www.kulinarika.net/recepti/zacimbe/101/poper/"">poper</a>;<a href=""https://www.kulinarika.net/recepti/zacimbe/99/petersilj/"">peteršilj</a>;sol"; <b>Bešamel:</b>; "zavitka masla (<span class=""label-inline"">12 dag"; šest (poravnanih) žlic moke; mleka; "sol;muškatni orešèek"
134, "<a href=""https://www.kulinarika.net/recepti/zacimbe/130/zelena/"">zeleno</a> rezanèno testo za lazanje"; <b>Za nadev:</b>; "špinaèe; kuhane; pretlaèene in sesekljane"; surovega masla; skute; muškatni orešek; "sol in <a href=""https://www.kulinarika.net/recepti/zacimbe/101/poper/"">poper</a>"; bešamelove omake; sveže nastrganega parmezana
135, o dag kuhane govedine iz juhe; jajce; "sol in sveže zmleti <a href=""https://www.kulinarika.net/recepti/zacimbe/101/poper/"">poper</a>"; moke; timijana
136, moke; jajci; sol; mleko 
137, "o dag starega kruha; narezanega na kocke"; belega pšeniènega zdroba; "žlico drobno narezanega <a href=""https://www.kulinarika.net/recepti/zacimbe/99/petersilj/"">peteršilja</a>;ali drobnjaka"; sol ali kaka zaèimbna mešanica; jajce ; <b>Za golaž potrebujemo: </b>; o dag soène govedine od vratu; do 2 žlici mašèobe; drobno narezane èebule; èrnega vina; mlete kumine; timijana; rdeèe paprike; juha za zalivanje; Evo za golaž 
138, "njoki (lahko pa uporabimo tudi skutine krompirjeve svaljke; raviole ali kaj podobnega )"; mleka; "gorgonzole (tista; ki jo kupimo na kile v trgovini je najboljša; ker ima moènejši okus kot že pakirane variante)"; lonèek kisle smetane; "zaèimbe (po okusu; npr. koperc; šetraj; <a href=""https://www.kulinarika.net/recepti/zacimbe/76/majaron/"">majaron</a> ter seveda sol)"
139, makaronov; paradižnikove omake; skute; pršuta
140, Ravioli; gorgonzola; suhi jurèki; sladka smetana; maslo; sol
141, kilograma krompirja; "l5 dag moke/pol ostre; pol mehke/"; jajce; sol in malo naribanega muškatnega orešèka; margarine ali masla; o manjših sliv; o majhnih kock sladkorja; maslo; drobtine; "sladkor in <a href=""https://www.kulinarika.net/recepti/zacimbe/16/cimet/"">cimet</a> po okusu"; soli 
142, širokih rezancev kuhanih v slani vodi(prazniènih); brokolija; stroki strtega èesna; olivno olje; vegeta ; "<a href=""https://www2.kulinarika.net/recepti/zacimbe/101/poper/"">poper</a>"
143, testenin; konzerva tune (80g); kisla smetana; rezine topljenega sira; vegete
144, èesna; pesto genovese - z baziliko; olivno olje; zelišèna sol; špageti
145, <b>Za dve osebi:</b>; špagetov (pol zavitka); do 4 zrna èesna; pet žlic olivnega olja; trije sveži paradižniki ali ploèevinka olupljenih pelatov; soli
146, kuhanih testenin; prekajene slanine; pršuta; manjša èebula narezana na drobno; strtega èesna; "narezanega <a href=""https://www.kulinarika.net/recepti/zacimbe/99/petersilj/"">peteršilja</a>"; olivnega olja; "sol in <a href=""https://www.kulinarika.net/recepti/zacimbe/101/poper/"">poper</a> po okusu"; nasekljanega ovèjega sira; naribanega parmezana; jajca
147, testenin ; srednje velika tunina konzerva; sladka smetana; maslo; olive; ribani sir; sol
148, testenin; maslo; mleko; moka; zaèinka
149, pšeniènega zdroba instant; parmezana; masla; šunke; jajca; sol; drobnjak; muškatni orešèek; "<a href=""https://www.kulinarika.net/recepti/zacimbe/99/petersilj/"">peteršilj</a>"
150, pšeniènega zdroba instant; parmezana; masla; šunke; jajca; sol; drobnjak; muškatni orešèek; "<a href=""https://www.kulinarika.net/recepti/zacimbe/99/petersilj/"">peteršilj</a>"
151, na kocke narezane slanine; mleka; belega zdroba; jajce; sol po okusu 
152, jajci; belega zdroba; sol po okusu; drobno narezanega drobnjaka
153, mehke moke; masla ali margarine; soli; sladkorja; toplega mleka; kvasa; masla; "jajèni rumenjak; zmešan z malo mleka"
155, <b>Testo:</b>; moke; vode; olja; košèek kvasa (3 dag); sol po okusu; <b>Nadev:</b>; prešane šunke; sira (najboljši je polnomastni); šampinjoni v kisu; kuhani paradižnikovi pelati (lahko iz konzerve)
156, kvasa; sladkorja; mleka; "Te sestavine zmešamo; pokrijemo in pustimo; da kvas naraste."; grobo mlete ovsene moke; pšeniène moke; mlaène vode; sol; mašèoba za pekaè
157, ržene moke; bele moke; kvasa; soli; olja; tekoèine 
158, ".<span class=""label-inline"">5 dag"; ".<span class=""label-inline"">5 dag"; kvasa; soli; "izkošèièenega narezanega suhega sadja (sadje lahko zamenjamo s <span class=""label-inline"">15 dag"; olja; tekoèine
159, <b>Za približno 12 tortilj:</b>; bele moke; soli; pecilnega praška; svinjske masti; hladne vode 
160, <b>Za 10 skavtskih kruhkov:</b>; moke; voda; sol po okusu; <b>Po želji še:</b>; hrenovk; majoneza; "<a href=""https://www.kulinarika.net/recepti/zacimbe/37/gorcica/"">gorèica</a>"; paradižnik; kumarice
161, jajci; jedilne žlice moke; soli; "za pekaè malo mašèobe; potresene z moko"
162, rdeèega zelja narezanega na trakove; "manjša èebula ; narezana na drobno"; "veèje kislo <a href=""https://www.kulinarika.net/recepti/zacimbe/269/granatno-jabolko/"">jabolko</a>; olupljeno in narezano na košèke"; rozin; "<a href=""https://www.kulinarika.net/recepti/zacimbe/87/nageljnove-zbice-klincki-/"">klinèki</a> ali nekaj zmletega prahu <a href=""https://www.kulinarika.net/recepti/zacimbe/87/nageljnove-zbice-klincki-/"">klinèkov</a>"; "olja ali pa masti od gosi; race ali purice"; kisa; kocka sladkorja; "sol in <a href=""https://www.kulinarika.net/recepti/zacimbe/101/poper/"">poper</a> po okusu"; muškatnega orešèka; kuhanih ali peèenih kostanjev; èrnega vina; list lovorja
163, buèk; èebule; olja; koper; "<a href=""https://www.kulinarika.net/recepti/zacimbe/99/petersilj/"">peteršilj</a>"; paradižnika; juhe iz goveje kocke; kisle smetane; èesna; "sol in <a href=""https://www.kulinarika.net/recepti/zacimbe/101/poper/"">poper</a> po okusu"
164, teleèjih jeter; žemlje namoèene v juhi; slanine; naribane èebule; "drobno narezanega <a href=""https://www.kulinarika.net/recepti/zacimbe/99/petersilj/"">peteršilja</a>"; jajce; "<a href=""https://www.kulinarika.net/recepti/zacimbe/76/majaron/"">majarona</a>"; kruhovih drobtin ; strtega èesna ; "sol in <a href=""https://www.kulinarika.net/recepti/zacimbe/101/poper/"">poper</a> po okusu"
165, veèja ploèevinka leèe ali pa pol kg kuhane leèe; masla; moke; "èebula; narezana na drobno"; stroki strtega èesna; timijana; "sol in <a href=""https://www.kulinarika.net/recepti/zacimbe/101/poper/"">poper</a> po okusu"; sok limone ali kisa; "drobno narezanega <a href=""https://www.kulinarika.net/recepti/zacimbe/99/petersilj/"">peteršilja</a>"; zelenjavna jušna kocka 
166, rumene buèe; curryja; sladkorja; kisa; "cayenskega <a href=""https://www.kulinarika.net/recepti/zacimbe/101/poper/"">popra</a> "
167, jajce; margarine; pšeniènega zdroba; morska sol; "sesekljan <a href=""https://www.kulinarika.net/recepti/zacimbe/99/petersilj/"">peteršilj</a>"; pecilnega praška
168, "nasvetov; kako pripraviti beluši; sestavine so odvisne od vrste priprave."; "Maslo; kruhove drobtine; holandska omaka"; "Nariban parmezan; maslo"
169, "Recept smo vzeli iz knjige Slovenska kuharica avtorice Felicite Kalinšek; katero je izdala Cankarjeva založba iz Ljubljane. V knjigi boste našli še ogromno receptov za pripravo izvrstnih jedi; ki bodo zadovoljile razliène okuse."; belušev; sol; parmezana; presnega masla
170, <b>Za 4 osebe: </b>; belušev; "trdo kuhano; sesekljano jajce"; surovega masla; svežih belih krušnih drobtin; "svežega sesekljanega <a href=""https://www.kulinarika.net/recepti/zacimbe/99/petersilj/"">peteršilja</a>"; drobnjaka
171, blitve; jajce; naribanega sira; vegete; muškatni orešèek; drobtine po potrebi; moka za oblikovanje
172, brstiènega ohrovta; mleko; maslo; moka; vegeta; sol; muškatni orešèek; "<a href=""https://www.kulinarika.net/recepti/zacimbe/101/poper/"">poper</a>"
173, na tenke trakove naribanih buèk; jajca; mleka; zmlete kumine; moke; "sol in <a href=""https://www.kulinarika.net/recepti/zacimbe/101/poper/"">poper</a> po okusu"; mašèoba za peèenje
174, blitve; olivnega olja; stroki strtega èesna; muškatni orešèek; zaèinka; "<a href=""https://www.kulinarika.net/recepti/zacimbe/99/petersilj/"">peteršilj</a>"; kruhove drobtine
175, "Recept smo vzeli iz knjige Slovenska kuharica avtorice Felicite Kalinšek; katero je izdala Cankarjeva založba iz Ljubljane. V knjigi boste našli še ogromno receptov za pripravo izvrstnih jedi; ki bodo zadovoljile razliène okuse."; buèk; presnega masla; "sol; kis"; zrn kumine; èebule; ravna žlica moke; smetane; "<a href=""https://www.kulinarika.net/recepti/zacimbe/101/poper/"">poper</a> "
176, svežega lušèenega fižola (debela zrna); stroki èesna; srednja glavica èebule; "šopek <a href=""https://www.kulinarika.net/recepti/zacimbe/99/petersilj/"">peteršilja</a>"; por; kumine; èajne žlièke soli; "èajne žlièke sveže mletega èrnega <a href=""https://www.kulinarika.net/recepti/zacimbe/101/poper/"">popra</a>"; dni stare žemlje ; "Potrebujemo mlinèek za meso ; fritezo ali ponev z visokim robom. "
177, skodeli kuhane èièerike; jajce; moke; kruhovih drobtin; juhe ali jušne osnove; sezamove paste; azijske kumine; "<a href=""https://www.kulinarika.net/recepti/zacimbe/76/majaron/"">majarona</a>"; paprike; soka limone; strtega èesna; "drobno narezanega <a href=""https://www.kulinarika.net/recepti/zacimbe/99/petersilj/"">peteršilja</a> "; sol po okusu; olje za cvrenje
178, graha; trikotnika topljenega sira; masla oz margarine; kisle smetane; "sol;<a href=""https://www.kulinarika.net/recepti/zacimbe/101/poper/"">poper</a>"
179, ali veè jajc; "mlada zelenjava:paprika;"; "paradižnik; buèke; èebula.; grah"; hrenovke.; "sol;<a href=""https://www.kulinarika.net/recepti/zacimbe/101/poper/"">poper</a>; èesen; <a href=""https://www.kulinarika.net/recepti/zacimbe/10/bazilika/"">bazilika</a>;origano."
180, "<a href=""https://www.kulinarika.net/recepti/zacimbe/106/regrat/"">regrat</a>"; vroèi kuhani krompirji; trdokuhana jajca (1-2); slanino po okusu; sol
181, testa za lasanje; malancani; olupljenega paradižnika in narezanega na kocke/lahko je tudi; iz ploèevinke; buèke narezane na drobno; strtega èesna; "<a href=""https://www.kulinarika.net/recepti/zacimbe/99/petersilj/"">peteršilj</a> narezan na drobno"; "<a href=""https://www.kulinarika.net/recepti/zacimbe/10/bazilika/"">bazilika</a> narezana na drobno"; nariban sir; "sol in <a href=""https://www.kulinarika.net/recepti/zacimbe/101/poper/"">poper</a> po okusu"; olje; Sestavine za bešamel; masla; moke; mleka; muškatnega orešèka; "sol in <a href=""https://www.kulinarika.net/recepti/zacimbe/101/poper/"">poper</a>"
182, tankega testa za zvitke; blitve ali špinaèe; gob; korenja; zelja; skute; kisle smetane; jajca; paradižnika; veèja èebula; "sol in <a href=""https://www.kulinarika.net/recepti/zacimbe/101/poper/"">poper</a> po okusu"; muškatnega orešèka; "<a href=""https://www.kulinarika.net/recepti/zacimbe/99/petersilj/"">peteršilja</a>"; mašèoba za praženje; kocka za juho
183, veèja malancana narezana na košèke; nastrganega ingverja; na drobno narezanega èesna; "pekoèe ""bean paste"""; sojine omake; èrnega kisa; sladkorja; soli; juhe ali vode z zaèinko; sezamovega olja; olja; na drobno narezane mlade èebule
184, ".<span class=""label-inline"">5 kg"; "èebulica ; narezana na drobne košèke"; olivnega olja; "sol in <a href=""https://www.kulinarika.net/recepti/zacimbe/101/poper/"">poper</a> po okusu"; jajce; "drobno narezanega <a href=""https://www.kulinarika.net/recepti/zacimbe/99/petersilj/"">peteršilja</a>"; zmletega mesa; strtega èesna; juhe ali vode z jušno kocko; naribanega sira; "paradižnika ; narezana na rezine"
185, paprike; camembera ali kakega drugega pikantnega sira; "sol in <a href=""https://www2.kulinarika.net/recepti/zacimbe/101/poper/"">poper</a>"; moka; jajce; kruhove drobtine; olje za cvrenje
186, kuhanih belušev; jajci; piva; skodela moke; olja; olje za cvrenje; sol po okusu
187, ohrovta; masti; "sveža zelenjava (korenje <a href=""https://www.kulinarika.net/recepti/zacimbe/99/petersilj/"">peteršilj</a> èesen; èebula; paradižnik; paprika)"; krompirja ; suhe žemlje; jajca; "zaèimbe;sol ;<a href=""https://www.kulinarika.net/recepti/zacimbe/101/poper/"">poper</a>"
188, artièoke; parmezana; starega belega kruha ; èesna; "šop <a href=""https://www.kulinarika.net/recepti/zacimbe/99/petersilj/"">peteršilja</a>"; olja
189, buèk; jajce; moke ; limonin sok
190, oèišèenega in na rezine narezanega pora; jajca; bešamela ; naribanega sira; "sol;<a href=""https://www.kulinarika.net/recepti/zacimbe/101/poper/"">poper</a> in malo muškatnega orešèka"; masla; kruhovih drobtin
191, kuhane cvetaèe; moke; masla; "vode; v kateri se je kuhala cvetaèa"; sardeljih filetov; kaper; "sol in <a href=""https://www.kulinarika.net/recepti/zacimbe/101/poper/"">poper</a> po okusu"
192, <b>: Za 4 osebe potrebujemo:</b>; "mešanih stroènic; <span class=""label-inline"">10 dag"
193, "do <span class=""label-inline"">25"; zmletega mešanega mesa; skodele riža ali pa tofuja ali naribanega pustega sira; jajce; "èebula; narezana na drobno"; "prekajene slanine; narezane na drobno"; "drobno narezanega <a href=""https://www.kulinarika.net/recepti/zacimbe/99/petersilj/"">peteršilja</a>"; "sol in <a href=""https://www.kulinarika.net/recepti/zacimbe/101/poper/"">poper</a> po okusu"; lahko tudi žlièka rdeèe paprike; jušna kocka 
194, Sveže zelje(glava); sveža paprika rdeèa; paradižnik; èebula ; rdeèa paprika v prahu; "sol; <a href=""https://www.kulinarika.net/recepti/zacimbe/101/poper/"">poper</a> "; vegeta; suhe obrane kosti
195, krompirja; srednje velike repe; debeli rumeni kolerabi; korena; "sol in <a href=""https://www.kulinarika.net/recepti/zacimbe/101/poper/"">poper</a> po okusu"; prekajene zaseke; moke; rdeèe paprike
196, <b>Za deset timbal:</b>; bela maslena omaka; sveže špinaèe; surovega masla; goste kisle smetane; jajca; rumenjaka; "sol in <a href=""https://www.kulinarika.net/recepti/zacimbe/101/poper/"">poper</a>"; muškatnega orešèka; "kajenskega <a href=""https://www.kulinarika.net/recepti/zacimbe/101/poper/"">popra</a> "; "timbal ali modelèkov za narastke (s prostornino po <span class=""label-inline"">75 ml"; <b>Maslena omaka: </b>; belega vinskega kisa; suhega belega vina; drobno sesekljani šalotki; kreme fraiche (po želji); "ledenomrzlega surovega masla; narezanega na kocke"; "sol in bel <a href=""https://www.kulinarika.net/recepti/zacimbe/101/poper/"">poper</a>"
197, Malancani; vinski kis; olivno olje; sol; "<a href=""https://www.kulinarika.net/recepti/zacimbe/101/poper/"">poper</a> v zrnju"; "<a href=""https://www.kulinarika.net/recepti/zacimbe/99/petersilj/"">peteršilj</a>"; èesen
198, malancanov; kisa za vlaganje; olja; èesna; "šopek <a href=""https://www.kulinarika.net/recepti/zacimbe/99/petersilj/"">peteršilja</a>"; sol
199, vleèenega testa; neslanega mladega sira; kajmaka; špinaèe; jajce; olje
200, mladega stroèjega fižola; veliki paradižniki; stroki èesna; èebula; "<a href=""https://www.kulinarika.net/recepti/zacimbe/99/petersilj/"">peteršilj</a>; korenèek (lahko še druga zelenjava po okusu)"; jajca; kisla smetana; "sol; <a href=""https://www.kulinarika.net/recepti/zacimbe/101/poper/"">poper</a>; <a href=""https://www.kulinarika.net/recepti/zacimbe/10/bazilika/"">bazilika</a>; vegeta"; posebne salame ali mortadele ali slanine
201, zavitek listnatega testa; glava svežega zelja; olja; <b>zaèimbe:</b>; "sol; "; "<a href=""https://www.kulinarika.net/recepti/zacimbe/101/poper/"">poper</a>; "; "vegeta; "; èevap; stroke èesna ; srednje velike èebule
202, veèje èebule; "svežih gob; narezanih na veèje košèke"; masla; "drobno nasekljanega <a href=""https://www2.kulinarika.net/recepti/zacimbe/99/petersilj/"">peteršilja</a>"; pišèanèjih jeter; stolèeno jajce; strtega èesna; rezin slanime; skodele nastrganega sira; "sol in <a href=""https://www2.kulinarika.net/recepti/zacimbe/101/poper/"">poper</a> po okusu"
203, o gobjih klobukov; dobrega sladkega vina; "skodela zmletih <a href=""https://www.kulinarika.net/recepti/zacimbe/101/poper/"">popra</a>ženih orehov"; jajèna beljaka stolèena v mehak sneg; kruhovih drobtin 
204, gob; jajca; "mlada èebula z zelenjem; narezana na drobne košèke"; "narezanega <a href=""https://www.kulinarika.net/recepti/zacimbe/99/petersilj/"">peteršilja</a>"; vegete ali zaèinke; masla; ostre moke; mleka
205, rezine belega kruha; jajci; mleka; šampinjonov; stroki èesna; sol; "<a href=""https://www2.kulinarika.net/recepti/zacimbe/101/poper/"">poper</a>"; "<a href=""https://www2.kulinarika.net/recepti/zacimbe/99/petersilj/"">peteršilj</a>"; olje za cvrenje
206, golobic ali drugih gob s èvrstimi in okroglimi klobuki; jajca; mašèobe; skute; lonèek kuhanega graha; nastrganega sira; "sol in <a href=""https://www.kulinarika.net/recepti/zacimbe/101/poper/"">poper</a> po okusu"
207, gob; trdo kuhana jajca; nastrgane èebule; skodeli nastrganega sira; kisle smetane; maslo; sol po okusu; rumenjak
208, svežih gob; drobno sesekljani èebuli; olja; limoninega soka; "sol in <a href=""https://www.kulinarika.net/recepti/zacimbe/101/poper/"">poper</a> po okusu"
209, o dag mavrahov; surovega masla; "mlada èebula z zelenjem ; narezana na drobne košèke"; "drobno narezanega <a href=""https://www2.kulinarika.net/recepti/zacimbe/99/petersilj/"">peteršilja</a>"; belega vina; moke; kisle smetane; jajca; "sol in <a href=""https://www2.kulinarika.net/recepti/zacimbe/101/poper/"">poper</a> po okusu "
210, jajc; gob; skodela graha; "skodela kuhanega mesa (pišèanec; govedina ali raki)"; "sol in <a href=""https://www.kulinarika.net/recepti/zacimbe/101/poper/"">poper</a> po okusu"; jedilnega škroba; drobno narezanega pršuta; olja
211, gob; mladi ohrotovi ali zeljni listi; masla; stroki strtega èesna; narezanega kopra; "sol in <a href=""https://www.kulinarika.net/recepti/zacimbe/101/poper/"">poper</a> po okusu"
212, "golobic s èvrstimi; polkrožnimi klobuki."; skute; kruhovih drobtin; mlada drobno sesekljana èebula; masla; "drobno naseklanega <a href=""https://www.kulinarika.net/recepti/zacimbe/99/petersilj/"">peteršilja</a>"; jajci; piva; moke; "sol in <a href=""https://www.kulinarika.net/recepti/zacimbe/101/poper/"">poper</a> po okusu"; olje za cvrenje
213, kom. velikih šampinjonov; "sira (parmezan; stara gauda)"; sladke smetane; sol; "<a href=""https://www.kulinarika.net/recepti/zacimbe/101/poper/"">poper</a>"; "<a href=""https://www.kulinarika.net/recepti/zacimbe/99/petersilj/"">peteršilj</a> "
214, gob; jajci; žemlja; mleko; drobtine; "<a href=""https://www.kulinarika.net/recepti/zacimbe/99/petersilj/"">peteršilj</a>"; èebula; sol; "<a href=""https://www.kulinarika.net/recepti/zacimbe/101/poper/"">poper</a> "
215, školjk kaposant; šalotka narezana na drobne košèke; masla ; "svežih gob; narezanih na trakove;"; "šunke; narezane na drobno"; "sol in <a href=""https://www.kulinarika.net/recepti/zacimbe/101/poper/"">poper</a> po okusu"; kruhovih drobtin; belega suhega vina; "drobno narezanega <a href=""https://www.kulinarika.net/recepti/zacimbe/99/petersilj/"">peteršilja</a>"; naribanega sira
216, hobotnice; jušna zelenjava; list lovorja; "zrn <a href=""https://www.kulinarika.net/recepti/zacimbe/101/poper/"">popra</a>"; kisa; èebule; èesna ; Marinada; Kis; Olivno olje; "sol in <a href=""https://www.kulinarika.net/recepti/zacimbe/101/poper/"">poper</a>"; strtega èesna; "drobno narezanega <a href=""https://www.kulinarika.net/recepti/zacimbe/99/petersilj/"">peteršilja</a> "; Vse sestavine za marinado zmešamo in s tem prelijemo narezano hobotnico. 
217, kuhanih škampovih repkov; rezine limone; "kodrasti <a href=""https://www.kulinarika.net/recepti/zacimbe/99/petersilj/"">peteršilj</a>"; listov solate; <b>Za omako potrebujemo:</b>; majoneze; Worcester omake; žlico konjaka; žlico soka limone; "sol in beli <a href=""https://www.kulinarika.net/recepti/zacimbe/101/poper/"">poper</a> po okusu"; žlico drobno nasekljanih kaper; "žlièko <a href=""https://www.kulinarika.net/recepti/zacimbe/37/gorcica/"">gorèice</a> ali <a href=""https://www.kulinarika.net/recepti/zacimbe/44/hren/"">hrena</a>"; "žlico paradižnikovega ketchapa; žlico smetane"; žlico belega vina. 
218, Na osebo priblizžno 3o dag neoèišèene ribe; jušna zelenjava; sok limone; "<a href=""https://www.kulinarika.net/recepti/zacimbe/101/poper/"">poper</a> v zrnju"; sol; narezane èebule; maslo po potrebi
219, "svežih školjk (kamenice; klapavice ipd)"; masla; drobno sesekljani èebuli; "drobno nasekljanega <a href=""https://www.kulinarika.net/recepti/zacimbe/99/petersilj/"">peteršilja</a>"; svežega nasekljanega timijana ali pol žlièke suhega; lovorov list; suhega belega vina; moke; masla; "sol in sveže zmlet <a href=""https://www.kulinarika.net/recepti/zacimbe/101/poper/"">poper</a> po okusu"
220, lososovi zrezki; limoninega soka; zaèinke ali kake druge zaèimbne soli; "beli <a href=""https://www.kulinarika.net/recepti/zacimbe/101/poper/"">poper</a> po okusu"; jajce; kokosova moka po potrebi; masla 
221, lososovega fileja; "sol in beli <a href=""https://www.kulinarika.net/recepti/zacimbe/101/poper/"">poper</a> po okusu"; sok limone; moka za potresanje; maslo za peèenje; <b>Sestavine za omako:</b>; ploèevinka mešanega sadja; masla; rjavega sladkorja; praška curry; škrobne moke
222, belih rib; šibkega vinskega kisa; na tanko narezane èebule; lovorjev list; "zrn <a href=""https://www.kulinarika.net/recepti/zacimbe/101/poper/"">popra</a>"
223, "oèišèenih sip; narezanih na trakove"; olivno olje; "èebulo; narezano na drobne košèke"; olupljena in na kocke narezana; paradižnika; drobno nasekljanega èesna; "žlico drobno narezanega <a href=""https://www.kulinarika.net/recepti/zacimbe/99/petersilj/"">peteršilja</a>"; sol po okusu; skodelo riža; skodeli vode; "žlièko sipinega èrnila (èrne tekoèine; ki je v njej)"; nariban parmezan ali kak drug sir po okusu
224, manjših školjk; dagnji; škampov; školjke kapasante ali Jakobove kapice; drobno narezane èebule; belega vina; limoni narezani na rezine; olivnega olja; na drobno narezanega èesna; "na drobno narezanega <a href=""https://www.kulinarika.net/recepti/zacimbe/99/petersilj/"">peteršilja</a>"; "sol in <a href=""https://www.kulinarika.net/recepti/zacimbe/101/poper/"">poper</a> po okusu"; na rezine narezanih lignjev
225, o svežih škampovih repkov; "beljaka; stepena v sneg"; lo dag kokosove moke; zaèimbne soli; olje za cvrenje.
226, "do <span class=""label-inline"">14"; oèišèenih škampovih repkov; "manjši pišèanec; lahko uporabimo tudi zajèje ali kako drugo meso."; "o dag svinjine; narezane na košèke"; dobrega olivnega olja; "èesna; narezana na drobno"; list lovorja; "èebulica; narezana na drobne košèke"; "<a href=""https://www.kulinarika.net/recepti/zacimbe/130/zelena/"">zeleni</a> papriki; narezani na trakove"; "o dag sipic; narezanih na kolobarje"; "veèja paradižnika; olupljena in narezana na košèke"; o dag riža; "in pol tekocine; zelo vroèe ali kipeèe"; žlicke žafrana; "zrn <a href=""https://www.kulinarika.net/recepti/zacimbe/101/poper/"">popra</a>"; soli palo pimente; o dag kuhanega graha. 
227, <b>Kolièina za 5 oseb:</b>; "srednje velikih lignjev; "; "sesekljanih lovk;"; "drobtin;"; "nekoliko ribjega fonda; "; "olivnega olja; "; "èebule; "; "stroki èesna;"; "<a href=""https://www.kulinarika.net/recepti/zacimbe/99/petersilj/"">peteršilj</a>;"; "jajce; "; "industrijska ribja zaèimba;"; "<a href=""https://www.kulinarika.net/recepti/zacimbe/101/poper/"">poper</a>"; <b>Omaka:</b>; "olivnega olja;"; "èesna; "; "paradižnikovega concasseja;"; "belega vina; "; nekoliko ribjega fonda.
228, bele ribe ali ribjih zrezkov; sok polovice limone; zaèimbne mešanice; jajce; moke; "<a href=""https://www.kulinarika.net/recepti/zacimbe/101/poper/"">poper</a> po okusu"; olje za peèenje
229, sardel ali skuš; olja; kisa; stroki èesna; list lovorja; kocka sladkorja; rožmarina; "sol in cela zrna <a href=""https://www.kulinarika.net/recepti/zacimbe/101/poper/"">popra</a>"; "veèja èebula; narezana na tenke rezine"
230, somovih filejev brez kože in kosti; kuhanega in olupljenega krompirja; kisli kumari narezani na rezine; moke; masla; kruhovih drobtin; naribanega sira; "drobno narezanega <a href=""https://www.kulinarika.net/recepti/zacimbe/99/petersilj/"">peteršilja</a>"; jušne osnove ali juhe; Po potrebi še dosolimo in popramo
232, <b>Za omako:</b>; "olivno olje; èebulo; èesen; pelate (<span class=""label-inline"">1"
233, sveže tune brez kosti; jajci; moka; pivo; sol; "<a href=""https://www.kulinarika.net/recepti/zacimbe/101/poper/"">poper</a> "
234, zavitek listnatega testa ; masla   ; ploèevinka prekajenih ostrig ali kakšnih drugih školjk   ; "drobno narezanega <a href=""https://www.kulinarika.net/recepti/zacimbe/99/petersilj/"">peteršilja</a>   "; suhega vina   ; "sol in <a href=""https://www.kulinarika.net/recepti/zacimbe/101/poper/"">poper</a> po okusu   "; rumenjak   ; sezamova semena po potrebi
235, nastrganega ementalerja; mleka ali piva; žlicka zmletega gorèiènega semena; "žlicke zmlete <a href=""https://www.kulinarika.net/recepti/zacimbe/10/bazilika/"">bazilike</a> "
236, majoneze; strokov èesna; "sol in beli <a href=""https://www.kulinarika.net/recepti/zacimbe/101/poper/"">poper</a>"; vina; drobno narezanega èesnovega drobnjaka
237, rumenjaka; vode; strtih strokov èesna; "sol in beli <a href=""https://www.kulinarika.net/recepti/zacimbe/101/poper/"">poper</a> po okusu"; olivnega olja
238, masla; moke; "šalotka; drobno nasekljana"; do 3 žlice drobno nasekljanega drobnjaka; sol; "<a href=""https://www.kulinarika.net/recepti/zacimbe/101/poper/"">poper</a>"; juhe ; kisle smetane; ali jogurta
239, "gobanov; narezanih na tenke rezine"; masla; moke; rdeèega vina; juhe ali jušne osnove; "peteršiljeva korenina; narezana na drobne košèke"; "narezane <a href=""https://www.kulinarika.net/recepti/zacimbe/130/zelena/"">zelene</a>"; korenèek narezan na drobne košèke; prekajene šunke ali slanine narezane na košèke; sladkorja; limoninega soka; rdeèe paprike; "sol in <a href=""https://www.kulinarika.net/recepti/zacimbe/101/poper/"">poper</a> po okusu"
240, "srednje veliki jabolki; olupljeni in zmiksani "; razredèenega jabolènega kisa; "sol in <a href=""https://www.kulinarika.net/recepti/zacimbe/101/poper/"">poper</a> po okusu"; "nastrganega <a href=""https://www.kulinarika.net/recepti/zacimbe/44/hren/"">hrena</a>"
241, kumar; krompirja; olje ali mast; kisle smetane; èesna; goveja ali kostna juha; lovorjev list; sol; "<a href=""https://www.kulinarika.net/recepti/zacimbe/101/poper/"">poper</a>"
242, rumenjaka; limoninega soka; sol; èili omake; pekoèe rdeèe paprike; omake tabasco; kvalitetnega olja; sladkorja
243, jajce; "<a href=""https://www.kulinarika.net/recepti/zacimbe/37/gorcica/"">gorèice</a>"; kisa ; majhna èebulica; Vegete (ali Zaèinke); olje
244, jajèevcev; limonin sok; "do <span class=""label-inline"">2 žlici"; masla; moke; mleka; "sol in <a href=""https://www.kulinarika.net/recepti/zacimbe/101/poper/"">poper</a> po okusu"; strtega èesna; naribanega sira; lonèek gostega jogurta
245, zavitki gorgonzole (npr. Vindija) ; sladka smetana (250 ml); orehov
246, buèk; mascarpone sira; "<a href=""https://www.kulinarika.net/recepti/zacimbe/101/poper/"">poper</a>"; sol; krebuljica 
247, sliv; košèek svežega ingverja; list lovorja; rdeèega vina; brinovi jagodi; creme fraiche; "<a href=""https://www.kulinarika.net/recepti/zacimbe/16/cimet/"">cimet</a>"; piment 
248, "ali <span class=""label-inline"">3"; "<a href=""https://www.kulinarika.net/recepti/zacimbe/10/bazilika/"">bazilika</a>"; origano; èili; "sol; <a href=""https://www.kulinarika.net/recepti/zacimbe/101/poper/"">poper</a>"; "èebule; èesen"
249, "veèji paradižnik ; narežemo na kockice"; žlico na strgalnik nastrgane èebule; drobno narezanega zelenega koriandra; sol po želji; èili omaka po okusu (mora biti pekoèa)
250, "bešamela (na maslu <a href=""https://www.kulinarika.net/recepti/zacimbe/101/poper/"">popra</a>žena moka;zalita z mlekom in pokuhana)."; sol; muškatni orešèek; nastrganega sira; sok limone po okusu 
251, sladke smetane; "nastrganega <a href=""https://www.kulinarika.net/recepti/zacimbe/44/hren/"">hrena</a>"; sol po okusu; par kapljic limoninega soka; soli
252, Zavitek špagetov; <b>Za omako:</b>; "èebule; ena paprika; dve manjši buèki; <span class=""label-inline"">4"
253, rdeèe podolgovate paprike; .5 kg èebule; glava èesna; kisa za vlaganje; vode; soli; sladkorja; "kilograma dobre <a href=""https://www.kulinarika.net/recepti/zacimbe/37/gorcica/"">gorèice</a>"; olja
254, belega zelja; veliki korenèki; majoneze; vinskega kisa; "<a href=""https://www.kulinarika.net/recepti/zacimbe/37/gorcica/"">gorèice</a>"; "sesekljanega <a href=""https://www.kulinarika.net/recepti/zacimbe/99/petersilj/"">peteršilja</a>"; "sol; <a href=""https://www.kulinarika.net/recepti/zacimbe/101/poper/"">poper</a>"
255, "gomolj olupljene in nastrgane gomoljaste <a href=""https://www.kulinarika.net/recepti/zacimbe/130/zelena/"">zelene</a> ali 2 stebli stebelne <a href=""https://www.kulinarika.net/recepti/zacimbe/130/zelena/"">zelene</a>"; olupljeni in nastrgani jabolki; olupljeni in nastrgani korenèki; kisa; sladkorja; kisle smatane; majoneze
256, mlade èebule; rdeèe paprike; kisle smetane; "sol in <a href=""https://www.kulinarika.net/recepti/zacimbe/101/poper/"">poper</a> po okusu"
257, kislega zelja; "skodela vloženega <a href=""https://www.kulinarika.net/recepti/zacimbe/4/ananas/"">ananasa</a>"; sladkorja; manjša nasekljana èebula; "<a href=""https://www.kulinarika.net/recepti/zacimbe/37/gorcica/"">gorèice</a>"; kisle smetane
258, srednje velikih krompirjev narezanih na kocke; "trdo kuhanih jajc; narezanih na kocke"; "kuhani koreni; narezani na kocke"; skodela kuhanega graha; "kisle kumarice; narezane na kocke"; limoninega soka; olja; majoneze; "sol in <a href=""https://www.kulinarika.net/recepti/zacimbe/101/poper/"">poper</a> po okusu"; "<a href=""https://www.kulinarika.net/recepti/zacimbe/37/gorcica/"">gorèice</a>"
259, v olupku kuhanega krompirja; veèja ali 2 manjši šalotki; sol; "<a href=""https://www.kulinarika.net/recepti/zacimbe/101/poper/"">poper</a>"; jabolèni kis; olivno ali kako drugo olje
260, "Zelje; naribano korenje; paprika; paradižnik; fižol; koruza; tuna; nariban sir ."; "Olivno olje; kis; sol in <a href=""https://www.kulinarika.net/recepti/zacimbe/101/poper/"">poper</a>"
261, srednje velike sveže kumare; "jogurta;"; "sol;<a href=""https://www.kulinarika.net/recepti/zacimbe/101/poper/"">poper</a>; drobnjak; <a href=""https://www.kulinarika.net/recepti/zacimbe/10/bazilika/"">bazilika</a>;"; "svež <a href=""https://www.kulinarika.net/recepti/zacimbe/99/petersilj/"">peteršilj</a>"; "mlada èebula;kis; olje; paprika"
262, velikega belega ali pisanega fižola /lahko iz ploèevinke /; "veèja èebula ; narezana na tenke kolobarje"; ".<span class=""label-inline"">5 dl"; sok ene limone alli pa kis; "sol in <a href=""https://www.kulinarika.net/recepti/zacimbe/101/poper/"">poper</a> po okusu"
263, "salame (posebne; šunkarice)"; sira gauda; èebula; paradižnike; èesna; papriki; "konzervo koruze (<span class=""label-inline"">20 dag"; "Preliv: <span class=""label-inline"">3 žlice"; vinskega kisa; "žlièko <a href=""https://www.kulinarika.net/recepti/zacimbe/37/gorcica/"">gorèice</a>"; majoneze; noževa konica sladke paprike; "sol; <a href=""https://www.kulinarika.net/recepti/zacimbe/101/poper/"">poper</a> "
264, "o dag paradižnika; narezanega na rezine"; "mozarela sira; narezanega na rezine"; olivnega olja; jabolènega kisa; "sol in <a href=""https://www.kulinarika.net/recepti/zacimbe/101/poper/"">poper</a> po okusu"; listièev origana
265, zavitek raviolov; skodela kuhanega graha; "kuhana koreèka; narezana na kocke"; "sveži gobi (npr. golobici ali šampiniona; ki jih uživamo surove) narezani na rezine"; majoneze; nasekljane kreše ali drobnjaka; olja; kisa; "listi <a href=""https://www.kulinarika.net/recepti/zacimbe/130/zelena/"">zelene</a> solate"; sol po okusu
266, kuhanega riža; ploèevinka kuhanega graha; "sira gaude; narezanega na kocke"; kuhanega in na trakove narezanega korenja; "kuhano pišèanèje oprsje; narezano na kocke"; sol po okusu; "zdrobljene <a href=""https://www.kulinarika.net/recepti/zacimbe/10/bazilika/"">bazilike</a>"; olja (lahko olivnega); vinskega kisa; rdeèih redkvic za okrasitev
267, jajèevec; sol; olje za peèenje ; olivnega olja; "sok <span class=""label-inline"">1/2"; "<a href=""https://www.kulinarika.net/recepti/zacimbe/99/petersilj/"">peteršilj</a>"; èesna
268, kisle repe; rdeèe paprike; paradižnikove mezge; "<a href=""https://www.kulinarika.net/recepti/zacimbe/37/gorcica/"">gorèice</a>"; olja
269, paradižnika; èebula; zrel avokado ( ko se ga dotaknete ni ne pretrd in ne premehek; "olje; kis; sol in <a href=""https://www.kulinarika.net/recepti/zacimbe/101/poper/"">poper</a> "
270, "<a href=""https://www.kulinarika.net/recepti/zacimbe/130/zelena/"">zelene</a> paprike"; trdi paradižniki; oliv; kuhanega riža; "kuhane govedine ali pišèanèjega mesa; narezanega na trakove"; olja; kisa; strtega èesna; "drobno nasekljanega <a href=""https://www.kulinarika.net/recepti/zacimbe/99/petersilj/"">peteršilja</a>"; "sol in <a href=""https://www.kulinarika.net/recepti/zacimbe/101/poper/"">poper</a> po okusu "
272, "glavica <a href=""https://www.kulinarika.net/recepti/zacimbe/130/zelena/"">zelene</a> solate; lahko je mehka; endivija ali radiè"; naribanega sira; rezina slanine; jabolènega kisa; olivnega olja; "sol in <a href=""https://www.kulinarika.net/recepti/zacimbe/101/poper/"">poper</a> po okusu"; "pekoèe <a href=""https://www.kulinarika.net/recepti/zacimbe/37/gorcica/"">gorèice</a>"
273, "skodele kuhanega; debelozrnatega fižola ali boba"; skodeli kuhanih jajènih polžkov Pekatete (žito); "<a href=""https://www.kulinarika.net/recepti/zacimbe/130/zelena/"">zelena</a> paprika; narezana na rezine"; "mladi èebuli; narezani na kolobarje"; "trd paradižnik; narezan na kolobarje"; "trdo kuhani jajci; narezani na èetrtine"; grobo nasekljanih orehov; "listi <a href=""https://www.kulinarika.net/recepti/zacimbe/130/zelena/"">zelene</a> solate"; zdrobljenega ali nasekljanega koprca; "sol in <a href=""https://www.kulinarika.net/recepti/zacimbe/101/poper/"">poper</a> po okusu"; olje in kis po okusu
274, "kuhane govedine (lahko tiste; ki je ostala od goveje juhe)"; paradižnika; paprike; trdo kuhana jajca; sol; "<a href=""https://www.kulinarika.net/recepti/zacimbe/101/poper/"">poper</a>"; olje; kis; èebula; stroki èesna; "<a href=""https://www.kulinarika.net/recepti/zacimbe/10/bazilika/"">bazilika</a> "
275, cikorije; endivije; "<a href=""https://www.kulinarika.net/recepti/zacimbe/269/granatno-jabolko/"">jabolko</a>; olupljeno in narezano na rezine"; sok polovice limone; "naribane <a href=""https://www.kulinarika.net/recepti/zacimbe/130/zelena/"">zelene</a>"; "<a href=""https://www.kulinarika.net/recepti/zacimbe/101/poper/"">popra</a>ženih <a href=""https://www.kulinarika.net/recepti/zacimbe/39/mandelj/"">mandljev</a>"; mlada drobno sesekljana èebula; strtega èesna; zmletih gorèiènih zrn; drobno sesekljanega drobnjaka; sladkorja; olivnega ali koruznega olja; vinskega kisa; "sol in <a href=""https://www.kulinarika.net/recepti/zacimbe/101/poper/"">poper</a> po okusu"
276, "paradižnika; narezanega na veèje kose"; "èebuli; narezani na kose"; "<a href=""https://www.kulinarika.net/recepti/zacimbe/130/zelena/"">zelena</a> pekoèa paprika; narezana na drobno"; "paprika; narezana na rezance"; "kumara; narezana na kose"; belega sira narezanega na kose; olje in zelo malo kisa; "sol in <a href=""https://www.kulinarika.net/recepti/zacimbe/101/poper/"">poper</a> po okusu"
277, "Za <span class=""label-inline"">4"; kodraste endivije ali eskarjolke; pišèanèjih jeter; "sol in <a href=""https://www.kulinarika.net/recepti/zacimbe/101/poper/"">poper</a>"; olja (po potrebi malo veè); trakasto narezane mesnate slanine; "debele; na kocke narezane rezine francoskega belega kruha"; drobno nasekljane šalotke; drobno sesekljan strok èesna; malinovega ali drugega sadnega kisa; svežega drobnjaka
278, glavice vitlofa; trdo kuhano jajce; naribanega sira; hrustljavo zapeèenih košèkov slanine; strtega èesna; limoninega soka; olivnega olja; "sol in <a href=""https://www.kulinarika.net/recepti/zacimbe/101/poper/"">poper</a> po okusu"
279, "veèji gomolj <a href=""https://www.kulinarika.net/recepti/zacimbe/130/zelena/"">zelene</a>"; majoneze; "<a href=""https://www.kulinarika.net/recepti/zacimbe/37/gorcica/"">gorèice</a>; zaželena je pekoèa"; sardelni filet; "kisla kumarica; narezana na drobne košèke"; kisa od kislih kumaric; "drobno narezanega <a href=""https://www.kulinarika.net/recepti/zacimbe/99/petersilj/"">peteršilja</a>"; "sol in <a href=""https://www.kulinarika.net/recepti/zacimbe/101/poper/"">poper</a> po okusu"
280, ploèevinka graha; skodeli kuhanih testenin; ploèevinka rakcev; ploèevinka belušev; majoneze; limoninega soka; "sol in <a href=""https://www.kulinarika.net/recepti/zacimbe/101/poper/"">poper</a> po okusu"; sladkorja; olja
281, vložene hruške; kepica sladoleda; Èokolada; sladka smetana
282, <b>Za 5 oseb potrebujete:</b>; <b>Testo:</b>; kvasa; ajdove moke; bele moke; vode li mleka; masla; sladkorja; maslo; sol; <b>Nadev:</b>; skute; .5 dl kisle smetane; jajce; "<a href=""https://www.kulinarika.net/recepti/zacimbe/16/cimet/"">cimet</a>"; sladkorja; rozin; orehov
283, instant ajdove moke; sladkorja; jajca; limonina lupina; mašèoba za pekaè; <b>Za poliv:</b>; belega vina; vode; ruma; sladkorja; limonina lupina; "<a href=""https://www.kulinarika.net/recepti/zacimbe/87/nageljnove-zbice-klincki-/"">nageljnove žbice</a>"; "palièica <a href=""https://www.kulinarika.net/recepti/zacimbe/16/cimet/"">cimeta</a>"
284, sodavice; malinovega ali ribezovega sirupa; sladkorja; limonin sok; kock ledu
285, <b>Sestavine za palaèinke:</b>; "do <span class=""label-inline"">12"; skodele pecilnega praška; soli; skodele sladkorja; skodela mleènega prahu; sode ; Vse sestavine presejemo in dobro zmešamo. Lahko jih hranimo v stekleni posodi do 3 mesece.; skodeli prejšnje mešanice; skodeli mleka; jajce
286, jajci; skodelo sladkorja; skodelo mleka; dobro umešane margarine ali masla; skodele presejane moke; žlicke pecilnega praška; "žlicke <a href=""https://www.kulinarika.net/recepti/zacimbe/16/cimet/"">cimeta</a> v prahu"; žlièko nastrgane limonine lupinice; soli; nastrganega muškatnega orešèka
287, sladkorja; vode; margarina; o dag zmletih keksov; zmletih orehov; kuhalne èokolade; èokoladna glazura
288, "testa (<span class=""label-inline"">12"; jajca; sladkorja; vanilin sladkor; pecilni prašek; jogurt; jogurtni lonèek olja; "orehov ali <a href=""https://www.kulinarika.net/recepti/zacimbe/77/mak/"">maka</a>"; rozin (po želji); "voda; sladkor in limona za sirup "
290, "kepice <a href=""https://www.kulinarika.net/recepti/zacimbe/123/vanilija/"">vanilijevega</a> sladoleda"; "<a href=""https://www.kulinarika.net/recepti/zacimbe/9/banana/"">banane</a>"; "narezanih <a href=""https://www.kulinarika.net/recepti/zacimbe/39/mandelj/"">mandljev</a>; lešnikov ali orehov"; èokoladnega ali kakega drugega preliva
291, moke ; "zavitek <a href=""https://www.kulinarika.net/recepti/zacimbe/123/vanilija/"">vanilijevega</a> pudinga"; zavitek pecilnega praška; "<a href=""https://www.kulinarika.net/recepti/zacimbe/123/vanilija/"">vanilijev</a> sladkor"; sladkorja; olja; mleka; "srednje velike <a href=""https://www.kulinarika.net/recepti/zacimbe/9/banana/"">banane</a>"; jajci
292, kozarca olja; kozarca moke; kozarca mleka; kozarca sladkorja; jajci; pecilna praška; vanilijeva sladkorja; moke po potrebi ; <b>Za nadev potrebujemo:</b>; masla; sladkorja; jajce; èokolade v prahu 
293, <b>Testo: (za 3 plošèe)-velik pekaè:</b>; moke; jajci; margarine; sladkorja; pecilnega praška; mleko po potrebi; <b>Krema:</b>; mleka; sladkorja; zvrhanih žlic ostre moke; margarine; vanili sladkor; rum; <b>Preliv:</b>; jedilne èokolade; margarine; sladkorja; mleka
294, "beljakov (okoli <span class=""label-inline"">6"; sladkorja ; moke ; pecilnega praška ; narezanih orehov ; kokosove moke ; rebro naribane èokolade ; limona ; "v rumu namoèenih rozin <a href=""https://www.kulinarika.net/recepti/zacimbe/16/cimet/"">cimet</a> "
295, <b>Testo I:</b>; jajce; sladkorja; margarine; pec.praška; moke; naribana lupina 1 limone; Testo II; jajca; "za težo <span class=""label-inline"">3"; "za težo <span class=""label-inline"">3"; olja; pec.praška; Nadev; "jabolka (ca 4 velika); <a href=""https://www.kulinarika.net/recepti/zacimbe/16/cimet/"">cimet</a>; malo sladk."; Glazura; "sladk .v prahu; sok 1 limone"
296, pšeniène bele moke; ajdove moke; sojine moke; koruzne moke; margarina za peko; sladkorja v prahu; jajce; vanilin sladkor; pecilnega praška
297, jajce; sladkorja; moke
298, vanilij; rumenjaki; vode; sladkorja; <b>in še:</b>; moke; žl kakava ali èokolade v prahu; olja; pecilni; žl ruma 
299, Testo; jajca; sladkorja; moke; "pecilni prašek;"; olja; mleka; Nadev; skute; kislo smetano; limonina lupinica naribana vanilin sladkor; po želji lahko še malo sladkorja. 
300, <b>Biskvit:</b>; "jajc; "; vroèe vode; "sladkorja;"; moke; pec. praška; <b>Testo za potico:</b>; moke; jajci; olja; kisle smetane; "kvasa (v kvas zamešaj <span class=""label-inline"">2 žlici"; <b>Skutni nadev:</b>; skute; "sladkorja;"; kisla smetana; vanilij; "lupina <span class=""label-inline"">1"; <b>Orehov nadev:</b>; orehov; sladkorja; kisla smetana; ruma
301, <b>Za biskvit potrebujemo:</b>; jajc; moke; sladkorja; kakava v prahu; <b>Vanili krema:</b>; mleka; jajc; sladkorja; moke; zavitek vanili sladkorja; <b>Sladkorni sirup:</b>; sladkorja; vode; ".<span class=""label-inline"">5 dl"; rozin; "Potrebujemo še 50 dag mletih orehov; sladko smetano in jedilno èokolado"
302, jajc; .3dl mleka; sladkorja; sladkorja za beljake; moke; zavitek vanilin sladkorja; ".<span class=""label-inline"">3 dl"; "sladkorja in <span class=""label-inline"">1"
303, "jajc loèimo (<span class=""label-inline"">6 kosov"; sladkorja; piškotnih drobtin (Albert keksi); mletih orehov; taljene èokolade; drobno narezana lupina ene pomaranèe (neškropljene); <b>Èokoladni obliv:</b>; jedilne èokolade; masla 
304, veèjih razpolovljenih svežih breskev; suhega belega vina; "<a href=""https://www.kulinarika.net/recepti/zacimbe/101/poper/"">popra</a>ženih in narezanih mandeljev"; stepene smetane ali sladoleda
305, vode; sadnega sladkorja; sirupa natreen; breskev; pomaranènega soka; limoninega soka; mineralne vode
306, masla; sladkorja; vanilij sladkor; šcepec soli; jajci; moke ; zavitka pecilnega praška; maslo ali margarina 
307, srednje velika jajca; sladkorja; moke
308, Biskvit; rumenjakov; lic sladkorja; lic ostre moke; lic vode; beljakov - trdi sneg; <b>Nadev:</b>; masla ali margarine; sladkorja v prahu; mletih orehov; """albert"" piškotov"; coca-cole; rum po okusu
309, ".<span class=""label-inline"">50 dag"; šcepec soli; naribana lupina limone; masla; sladkorja; pecilni prašek; "<a href=""https://www.kulinarika.net/recepti/zacimbe/16/cimet/"">cimeta</a>"; jajce
310, surovega masla; o dag sladkorja; rumenjakov; žlico ruma; vanilij sladkor; naribana limonina lupina; mleka; bele moke; zavitka pecilnega praška; o dag èešenj brez košèic; "<a href=""https://www.kulinarika.net/recepti/zacimbe/16/cimet/"">cimeta</a> v prahu"; trdi sneg petih beljakov 
311, èokolade za kuhanje; sladkorja; jajce; zmletih orehov; grobo narezanih orehov; ruma; masla
312, jajc; l4 dag sladkorja; "l<span class=""label-inline"">4 dag"; "l<span class=""label-inline"">4 dag"
313, sadnega soka; "mleka-2;5 dl"; èokoladnega sladoleda; èokoladni opilki za okras
314, "kuhalne èokolade; poldrugi dl mleka"; sladkornega sirupa; "<a href=""https://www.kulinarika.net/recepti/zacimbe/123/vanilija/"">vanilija</a>"; sladke smetane
315, <b>Ža biskvit:</b>; moke; sladorja; vode; pecilni prašek; vaniljev sladkor; jajca; <b>Za nadev:</b>; breskev; vaniljeva pudinga; vode; smetana za dekoracijo; sladkorja
316, "<a href=""https://www.kulinarika.net/recepti/zacimbe/123/vanilija/"">vanilijevega</a> sladoleda"; èokoladnega sladoleda; sladke smetane; sladkorja v prahu; narezanega kandiranega sadja; beljak
317, Albertovih keksov; kokosove moke; masla ali margarine; sladkorja; vode; jedilne èokolade; ruma; margarine
318, <b>Testo:</b>; moke; kvasa; rumenjaka; mleko; sol; sladkorja; <b>Nadev:</b>; masla; sladkorja; vanilijin sladkor; naribana lupinica limone; <b>Preliv: </b>; mleka; vanilijina sladkorja; veliki žlici sladkorja
319, "<a href=""https://www.kulinarika.net/recepti/zacimbe/9/banana/"">banana</a>; narezana na košèke in poškropljena z limoninim sokom"; "kuhani hruški; narezani na košèke"; "pomaranèa; narezana na košèke"; "olupljenih in narezanih <a href=""https://www.kulinarika.net/recepti/zacimbe/39/mandelj/"">mandljev</a>"; sladke stolèene smetane; masla; mareliène marmelade ali džema; limoninega soka; pomaranènega soka; sladkorja; ruma; vinjaka; maraskina; "kepice <a href=""https://www.kulinarika.net/recepti/zacimbe/123/vanilija/"">vanilijevega</a> sladoleda"
320, masla; medu; rjavega sladkorja; vanilin sladkor; sladke smetane; mandljevih listièev; "mletih <a href=""https://www.kulinarika.net/recepti/zacimbe/39/mandelj/"">mandljev</a>"; kandiranih èešenj; citronata; oranžata; grenka èokolada 
321, srednje trde hruške; masla; sladkorja; ruma
322, <b>Za testo potrebujemo: </b>; moke; mleka; jajci; rumenjak; sladkorja; masla; sol in naribano limonino lupino; <b>Za pripravo kvasa:</b>; kvasa; mleka; moke; sladkorja; <b>Vanilijeva krema:</b>; rumenjaka; sladkorja; škrobne moke; "<a href=""https://www.kulinarika.net/recepti/zacimbe/123/vanilija/"">vanilijevega</a> stroka"; mleka; ruma; maraskina
323, oblata za napolitanke; sladkorja; medu; na drobno narezanih orehov; jajènih beljakov
324, "za <span class=""label-inline"">10"; <b>Biskvitno testo :</b>; "moke tip <span class=""label-inline"">500"; kristalnega sladkorja; beljake; rumenjaka; <b>Beljakova masa:</b>; beljakov; kristalnega sladkorja; vode; Obliv je narejen iz mleènega èokoladnega ali belega obliva tovarne Gorenjka.
325, <b>Keksi:</b>; jajci (beljak posebej); sladkorja; moke; pecilnega praška; <b>Sneg:</b>; beljaki; sladkorja; vode; <b>Èokolada:</b>; jedilne èokolade; margarine ali olja
326, <b>Testo:</b>; jajca; moke; sladkorja; <b>Krema:</b>; vode; kislih jabolk; vanili pudinga; limonina lupina; "<a href=""https://www.kulinarika.net/recepti/zacimbe/87/nageljnove-zbice-klincki-/"">klinèki</a>"; "<a href=""https://www.kulinarika.net/recepti/zacimbe/16/cimet/"">cimet</a>"; smetane.
327, surovega masla; moke; zavitka pecilnega praška; jajce; sladkorja ; naribana lupinica 1/2 limone; <b>Nadev:</b>; jabolk; masla ; sladkorja; zavitek vanilinega sladkor; rozin; "<a href=""https://www.kulinarika.net/recepti/zacimbe/16/cimet/"">cimeta</a>"
328, jabolka; listnatega testa; marcipana; mletih lešnikov; mareliène marmelade; "smetane;"; sladkorja; ruma; grobega sladkorja
329, jajc; vode; sladkorja; olja; moke; pecilnega praška; pomaranèe; mareliène marmelade; èokolade; margarine
330, svežih jagod; sladkor po okusu; ruma ali maraskina; kozarec sladke smetane; zavitek vanilin sladkorja
331, jagod; limoninega soka; sladkorja; mleka
332, <b>Biskvitno testo:</b>; <b>Sestavine:</b>; rumenjakov; sladkorja; tople vode; moke; pecilni in vanilni prašek; beljakov; <b>Èokoladna krema:</b>; mleka; sladkorja v prahu; margarine (Rama ali Petra); èokolade v prahu in 20 dag kokosove moke 
333, lonèek navadnega jogurta; jogurtova lonèka moke; jajce; pecilnega praška; sladkorja; soli; kanèek ruma ; "<a href=""https://www.kulinarika.net/recepti/zacimbe/269/granatno-jabolko/"">jabolko</a>; naribano na strgalnik"; "<a href=""https://www.kulinarika.net/recepti/zacimbe/16/cimet/"">cimeta</a>"
334, lonèek navadnega jogurta; lonèka ostre moke; lonèek sladkorja; masla; vanilij sladkor; pecilnega praška; jajci; vode; mleka
338, jajc; sladkorja v prahu; moke; zmletih orehov; zmlete èrne kave; pecilnega praška; lista podolgovatih oblat; <b>Nadev:</b>; margarine; sladkorja v prahu; zmlete èrne kave 
339, <b>Za testo: </b>; masla; rjavega sladkorja; jajci; "<a href=""https://www.kulinarika.net/recepti/zacimbe/16/cimet/"">cimeta</a>"; "èajne žlièke <a href=""https://www.kulinarika.net/recepti/zacimbe/87/nageljnove-zbice-klincki-/"">klinèkov</a>"; mletih lešnikov; mlete èokolade; moke; pecilnega praška; jedilni žlici ruma; <b>Za glazuro:</b>; èajne žlièke Nescafe; sladkorja; kavni bonboni
340, moke; sladkorja; kisla smetana; pecilni prašek; vanilin sladkor; jajc
341, rumenjaki; sladkorja; kokosove moke; mleka; sladke smetane; kokosove esence
342, <b>Testo (za mali pekaè):</b>; beljakov; sladkorja; ostre moke; kokosove moke; vode; pecilnega praška; <b>Krema:</b>; vanili pudinga; mleka; rastlinske smetane; sladkor v prahu po potrebi(ni nujno); ruma; <b>Posip:</b>; kokosove moke 
343, margarine; sladkorja; jajci; jogurta; kokosove moke; moke; pecilnega praška; olupljeni mandlji
344, jogurt; jajca; sladkorja; olja; vanilin; pecilnega praška; moke; marelic ali èešenj 
345, "<a href=""https://www.kulinarika.net/recepti/zacimbe/123/vanilija/"">vanilijevega</a> pudinga"; jabolki; hruški; sladkor; "<a href=""https://www.kulinarika.net/recepti/zacimbe/16/cimet/"">cimet</a>"; stepena sladka smetana; voda
346, korenja; mleka ali vode; skodela sladkorja; žafrana; kuhanega masla; "skodeli olupljenih <a href=""https://www.kulinarika.net/recepti/zacimbe/39/mandelj/"">mandljev</a>"; muškatnega orešèka
347, instant polente; mleka; sladkorja; margarine; soli; rozin; jabolk; sladkorja
348, krompirja; masla; sladkorja; cca 3 žlice ruma; mletih orehov; naribana jedilna èokolada; smetana
349, margarine; sladkorja v prahu; moke; jajca; pecilnega; vanili sladkor; ruma; èokolade na drobno narezane; orehov na drobno narezanih; rozin
350, rumenjaki; moke; celo jajce; ruma; mleka; vanili sladkorja; šcepec soli
351, kandiranih pomaranènih lupin (oranžat); "mletih <a href=""https://www.kulinarika.net/recepti/zacimbe/39/mandelj/"">mandljev</a>"; grenke èokolade; svež rumenjak; sladke smetane
352, hruha ali prepeèenca; grobo naribanih soènih jabolk; sladkorja; masla; mleka; jajca; sladke smetane; ruma
353, <b>Testo:</b>; gladke bele moke; kvasa; šèepa soli; veèje jajce; jedilna žlica sladkorja; jedilnih žlic olja; "<span class=""label-inline"">2 dl"; <b>. nadev:</b>; mletih orehov; lonèek kisle smetane; sladkorja; <b>. nadev:</b>; skute; lonèka kisle smetane; jajce; zavitek vanilin sladkorja; sladkorja v kristalu
354, vode; planinskega èaja; breskovega èaja; èaja divjih èešenj; vreèko odvajalnega èaja; vreèko èaja za ledvica; žajbla; zvrhanih žlic sladkorja ; medu 
355, masla; sladkorja; jajci; vanilin sladkor; soli; èokolade; moke; narezanih lešnikov; jedilne žlice ruma; lešnikova glazura 
356, omehèanega masla; sladkorja; naribana lupina ene limone; mleka; jajci; soka limone; skodela moke; pecilnega praška; soli; drobno narezanih lešnikov; sladkorja; muškatnega orešèka
358, "Kolièine za <span class=""label-inline"">8"; <b>Testo: </b>; margarine; sladkorja; jajca; moke; "mletega <a href=""https://www.kulinarika.net/recepti/zacimbe/77/mak/"">maka</a>"; in pol zavitka pecilnega praška; mleka; <b>Preliv:</b>; suhih sliv; vina; sladkor po potrebi; "<a href=""https://www.kulinarika.net/recepti/zacimbe/16/cimet/"">cimet</a>"
359, popeèenih mandeljev; o dag sladkorja; limoninega soka; zžlica medu; narezanih pinjol
360, marelic; lonèek sladke smetane; "zavitek <a href=""https://www.kulinarika.net/recepti/zacimbe/123/vanilija/"">vanilijevega</a> sladkorja"; sladkorja
361, orehov; sesekljanih pistacij; marcipana; sladkorja v prahu; sesekljanih kandiranih pomaranènih lupin; jedilni žlici pomaranènega likerja; košèkov èokolade; jedilni žlici konjaka
362, jajc; sladkorja + vanili sladkor(po želji); olja; moke + 1 zavitek pecilnega praška; mleka; kakava ali kave
363, beljaki; sladkorja v prahu; mletih orehov; moke ; masla; Ostale sestavine najdeš pri samem postopku.
364, <b>TESTO:</b>; jajc; sladkorja; medu; moke; pecilnega praška; "žlicke <a href=""https://www.kulinarika.net/recepti/zacimbe/16/cimet/"">cimeta</a>"; <b>NADEV:</b>; masla; sladkorne moke; zmletih orehov ali lešnikov; soka limone ali pomaranèe
365, moke; sladkorja; jajci; medu; "noževi konici <a href=""https://www2.kulinarika.net/recepti/zacimbe/16/cimet/"">cimeta</a>"; "noževi konici mletih <a href=""https://www2.kulinarika.net/recepti/zacimbe/87/nageljnove-zbice-klincki-/"">klinèkov</a>"; pecilnega praška; mletih orehov; masla ali margarine
366, <b>TESTO:</b>; "margarine; <span class=""label-inline"">75g"; <b>NADEV - MINCEMEAT:</b>; "rozin; <span class=""label-inline"">100g"
367, margarine; rumenjaki; sladkorja; mleka; rum ; presejane moke; vanilin sladkor; pecilni prašek; èokolade v prahu; mleka; marmelada; beljaki; sladkorja; èokolade v prahu; olja 
368, <b>Za 4 do 6 oseb potrebujete:</b>; "skodelic <a href=""https://www.kulinarika.net/recepti/zacimbe/123/vanilija/"">vanilijevega</a> ali kakšnega drugega sladoleda"; stepena jajca; moke; pecilnega praška; olje za cvrenje
369, "Recept smo vzeli iz knjige Slovenska kuharica avtorice Felicite Kalinšek; katero je izdala Cankarjeva založba iz Ljubljane. V knjigi boste našli še ogromno receptov za pripravo izvrstnih jedi; ki bodo zadovoljile razliène okuse."; mlaènega mleka; moke; soli; sladkorja; rumenjaki; sneg treh beljakov; "do 12 <a href=""https://www.kulinarika.net/recepti/zacimbe/11/bezeg/"">bezgovih</a> cvetov"; mašèoba za cvrenje
370, keksov petit beurre; zmletih orehov; sladkorja; masla; narezanih bonbonov iz želeja; kašastega soka (npr. marelic); jajce
371, <b>TESTO:</b>; moke; sladkorja; margarine; jajce; pecilna praška; mleka; NADEV; mletih orehov; sladkorja; marmelada ; GLAZURA; jedilne èokolade; margarine
373, masla; moke; sladkorja; zmletih orehov; jajce
374, jajc; sladkorja ; moke ; zmletih orehov ; kakava ; hladne sladke kave; Èokoladna krema; masla; sladkorja; zravnani žlici kakava ; jajce; mleka; ruma; Èokoladni obliv; sladkorja v prahu; kakava ; beljak; do 7 žlic vrele vode
375, sladkorja v prahu; "zavitka <a href=""https://www.kulinarika.net/recepti/zacimbe/123/vanilija/"">vanilijevega</a> sladkorja"; jajc; mletih orehov in nekaj celih jedrc za dekoracijo; temne èokolade; surovega masla
376, <b>Testo: </b>; moke; rumenjaki; margarine; mleka; sladkorja; kvasa; <b>Nadev: </b>; "sneg <span class=""label-inline"">4"; orehov; sladkorja
377, "veèji <a href=""https://www.kulinarika.net/recepti/zacimbe/9/banana/"">banani</a>"; rjavega sladkorja; "<a href=""https://www.kulinarika.net/recepti/zacimbe/16/cimet/"">cimeta</a> v prahu"; masla; ruma; sladke smetane ali sladoleda
378, Testo; kvasa; mlaènega mleka; sladkorja; moke; "To damo v loncek potresemo z moko in poèakamo; da nam kvas vzhaja."; presejane moke; mlaènega mleka; "do <span class=""label-inline"">4"; limonine lupinice; žlico ruma; stopljenega masla ali smetane; sladkorja; vanilij sladkor; šcepec soli; <b>Nadev:</b>; skute; sladkorja; ruma; "beljaki; ki so ostali od testa"; šopka pehtrana narezana ne drobno; kruhovih drobtin po potrebi; masla ; medu
379, skodele moke; pecilni prašek; muškatnega oreha; skodele masla; skodela sladkorja; jajca; višnjevega ali kakšnega drugega aromatiènega likerja; naribane limonine lupine
380, moke; mleka; olja; sladkorja; kakava ali èokolade v prahu 1pecilni prašek; vanilin sladkor; jajca; Za preliv; mleka; sladkorja; ruma; "pudinga(najboljši je <a href=""https://www.kulinarika.net/recepti/zacimbe/123/vanilija/"">vanilijev</a>)"; mleka ; in pol sladke smetane 
381, <b>Za testo:</b>; moke; sladkorja; soli; jajce ali 2 rumenjaka; masla; Testo naj vsaj 2 uri poèiva v hladilniku.; <b>Za nedev:</b>; "mletega <a href=""https://www.kulinarika.net/recepti/zacimbe/77/mak/"">maka</a>"; marcipana; rozin; sladkorja; jedilni žlici ruma; strt prepeèenec; "<a href=""https://www.kulinarika.net/recepti/zacimbe/16/cimet/"">cimeta</a>"; "sneg <span class=""label-inline"">2"; <b>Za glazuro:</b>; mletega sladkorja; limonin sok
383, sladkorja; vode ; želatine ; vode ; bananin ekstrakt ; jedilne èokolade; margarine ali olja ; oblate (napolitanke) 
384, pomaranè; sladkorja; jabolk; limona
385, jajca; skodeli sladkorja; skodela mleka; skodela olja; moke 
386, <b>Sestavine za testo:</b>; moke; sol; ".<span class=""label-inline"">5 dl"; olja; <b>Makov nadev:</b>; "<a href=""https://www.kulinarika.net/recepti/zacimbe/77/mak/"">maka</a>"; sladkorja; "<a href=""https://www.kulinarika.net/recepti/zacimbe/16/cimet/"">cimet</a> po okusu"; vroèega mleka; <b>Skutin nadev:</b>; skute; jajce; kisle smetane; v rumu namoèenih rozin; "<a href=""https://www.kulinarika.net/recepti/zacimbe/123/vanilija/"">vanilije</a>"; sladkorja; <b>Orehov nadev :</b>; zmletih orehov; sladkorja; "<a href=""https://www.kulinarika.net/recepti/zacimbe/16/cimet/"">cimeta</a>"; "Jabolèni nadev naredimo kot za zavitek. Naribana jabolka malo poškropimo z limoninim sokom; da ne oksidirajo; dodamo sladkor in naribano lupino limone. Dodamo"; "tudi malo <a href=""https://www.kulinarika.net/recepti/zacimbe/16/cimet/"">cimeta</a>."
387, masla ali margarine; sladkorja; jajca; "<a href=""https://www.kulinarika.net/recepti/zacimbe/101/poper/"">popra</a>ženih <a href=""https://www.kulinarika.net/recepti/zacimbe/39/mandelj/"">mandljev</a>"; ruma; sok ene limone; soli; moke; "<a href=""https://www.kulinarika.net/recepti/zacimbe/101/poper/"">popra</a>ženih <a href=""https://www.kulinarika.net/recepti/zacimbe/39/mandelj/"">mandljev</a>"; sladkorja
388, moke /najboljše/; rumenjakov; celo jajce; masla; sladkorja; ruma ali vina; sok in lupina cimone; mlaènega mleka; sol; kvasa
389, poljubna kolièina rabarbare; sladkor; "<a href=""https://www.kulinarika.net/recepti/zacimbe/123/vanilija/"">vanilija</a>"; sok limone ali pomaranèe
390, mleko v prahu; kokosove moke; mandlji; margarine ali masla; sladkorja; voda
391, <b>Testo:</b>; beljakov; sladkorja; kokos moke; pecilni prašek; "sok <span class=""label-inline"">1"; <b>Krema:</b>; rumenjakov; sladkorja; moke; vanilin sladkorja; mleka; margarine
392, jajc; velikih žlic sladkorja; velikih žlic moke; pecilni prašek; sladke smetane; sadje po želji
393, skodela riža; skodele mleka; jedilna žlica masla; soli; rumenjaki; zavitek vanilij sladkorja; naribana lupinica ene limone; rozin namoèenih v rumu; beljaki; soli; mašèoba za pekaè
394, <b>za 4 osebe:</b>; moke; sladkorja; pecilnega praška; soli; jajca ( rumenjaki in beljaki posebej!); mleka; "raztopljene margarine <span class=""label-inline"">1;5 skodelice"
395, <b>TESTO:</b>; jajca; vode; šcepec soli; sladkorja; vanilin sladkor; moke; jedilnega škroba; pecilni prašek; par kapljic ruma; <b>NADEV:</b>; ".<span class=""label-inline"">5 dl"; vanilin sladkor; utrjevalca smetane (kremfix); nastrgana limonina ali pomaranèna lupina; "vložene breskve ali marelice ali mandarine; narezane na kocke"; sladkorja v prahu
396, <b>TESTO:</b>; jajca; vode; šcepec soli; sladkorja; vanilin sladkor; moke; jedilnega škroba; pecilni prašek; par kapljic ruma; <b>NADEV:</b>; ".<span class=""label-inline"">5 dl"; vanilin sladkor; utrjevalca smetane (kremfix); nastrgana limonina ali pomaranèna lupina; "vložene breskve ali marelice ali mandarine; narezane na kocke"; sladkorja v prahu
397, jajci; margarine ali masla; sladkorja; skodeli mleka; skodeli rožièeve moke; skodeli bele moke
398, beljak; sladkorja; nastrgane èokolade; kokosove moke ali po okusu mleti orehi; rum; sladkor v prahu
399, jajca; sladkorja; margarine; moke; mletih orehov; pecilni prašek; mleka; sladkorja; vode; ruma; margarine in èokolade; kakav
400, "Sestavine (napisane za torto s tremi plastmi testa; za èetrto plast kolièino vseh sestavin poveèamo za <span class=""label-inline"">1/3"; <b>Za testo:</b>; jajc; vroèe vode; sladkorja; "<a href=""https://www.kulinarika.net/recepti/zacimbe/123/vanilija/"">vanilijeve</a> sladkorje"; bele moke; gustina (jedilnega škroba); pecilnega praška; <b>Za nadev:</b>; "konzervi sadja (najbolje je uporabiti breskve; olupljene mandarine ali maline) ter sveže sadje; kot je kivi."; Lonèek marmelade (najboljša je marelièna ali gozdni sadeži); rum; sladke smetane; mleka
