ime,id
DUŠANKA,1
rimljanka,2
mamamia,4
anamarija1,5
Dragička,6
Trixi,7
katka lopatka,8
Vendelina jr.,9
mopsika,10
ežoj,11
jade,12
elaphus,13
Loni,14
babka1951,15
bannanna,16
Vanja_v_ZDA,17
Vrtejbenka,18
stana.r,19
naor,20
morska medvedka,21
suziqatro,22
SMARTY1,23
mišzmoke,24
nb,25
gogad,26
ribaracarak,27
hedonist,28
jernej,29
limnol,30
Migla,31
anka,32
Katarinči,33
breskva,34
Pitončica,35
Veri,36
Marinka,37
Ognjič,38
lidka,39
mamaF,40
Atina,41
Ninja24,42
Katarina K,43
Reca,44
nola,45
sarabande,46
Julya,47
Blanchy,48
Cila,49
lucka52,50
tulka,51
Simona84,52
katti,53
hribovc61,54
Kyara,55
tjas,56
rebecca,57
marta,58
fakin712,59
proxima,60
Balenka,61
majamarko,62
ligojna,63
vanjatajnsek,64
zzak1977,65
anja,66
nenci,67
MBrando,68
primozg,69
darjuška,70
ZAČETNICA,71
Jelenckova,72
mimika,73
fresh,74
kozamurnik,75
rosie,76
jasna1,77
JanisJoplin,78
Sweetie,79
miia,80
matilda,81
marjja,82
galja,83
Roncolino,84
kobra 1,85
katjushka,86
mizarka,87
Lisa,88
dari,89
anaeva,90
Riko,91
Marjetka cvetka,92
DBpek,93
aki,94
Vesna rada peče,95
Lijana,96
sweets,97
SINEJA,98
riba-ribica,99
Fala Slonček,100
buča,101
kača,102
majdi,103
andreja m,104
Milži,105
marelica,106
spodbe,107
MiriBon,108
katrin11,109
ledenka_,110
Anomis,111
irenakr,112
zeta,113
daga,114
RadaJem,115
angie.orhideja,116
Dolores,117
teta torta,118
Nena-morje,119
rdkapica,120
tumpika,121
spagon,122
anja27,123
Venturini,124
ksenjako,125
Anemiilat,126
renata69,127
terlikar 1,128
Lady_L,129
sinicka,130
MissLady,131
s0ncek*,132
receptor,133
ena mš,134
Teka,135
fasulas,136
pinka,137
mojezlato,138
matjaž,139
Sanja_G,140
jančibake,141
val,142
veverica,143
drejcek,144
bučmanka,145
Vesnuska,146
titta,147
666,148
Sy,149
Kristalka,150
tedyka,151
Katja D,152
OlivaB,153
_ZALA_,154
VilmaS,155
jaša,156
čebulka,157
Rožica,158
galyka,159
shari2007,160
TORTICA,161
ninkica,162
tanjaj,163
nektarina,164
linolina,165
silva,166
mali kuhar,167
sweety,168
alexis,169
klavdijaB,170
tinca,171
Jannaa,172
jankica,173
terezija,174
lisicka,175
Jerneja USA,176
čoko,177
slivovi cmoki,178
t-baby,179
beva,180
SUZANAZ,181
